wrist_Gx,wrist_Gy,wrist_Gz,wrist_Ax,wrist_Ay,wrist_Az,biceps_Gx,biceps_Gy,biceps_Gz,biceps_Ax,biceps_Ay,biceps_Az,palm_Gx,palm_Gy,palm_Gz,palm_Ax,palm_Ay,palm_Az,thigh_Gx,thigh_Gy,thigh_Gz,thigh_Ax,thigh_Ay,thigh_Az,current,voltage,power,energy
-18,-1,-6,153,192,8431,7,-12,-2,525,5199,6253,18,-12,7,1732,-113,7987,20,-25,-17,964,-1852,7839,0.2346041053533554,4.897360801696777,1.148940920829773,0.0
-21,-1,-6,132,127,8487,13,-13,0,514,5207,6252,16,3,9,1610,-108,8026,9,-15,-20,971,-1839,7844,0.21994134783744812,4.887585639953613,1.0749821662902832,0.0
-22,1,-6,136,140,8455,12,-11,-3,514,5185,6236,14,-3,4,1607,-110,8022,7,-20,-16,966,-1841,7844,0.22971652448177338,4.897360801696777,1.1250046491622925,0.0
-21,-1,-7,130,161,8497,10,-13,-5,496,5177,6275,19,-5,6,1621,-112,8017,15,-26,-17,958,-1839,7852,0.22482892870903015,4.887585639953613,1.0988706350326538,0.0
-22,-1,-8,134,160,8479,10,-13,-3,517,5161,6282,16,2,8,1621,-100,8029,3,-22,-21,965,-1827,7837,0.22482892870903015,4.897360801696777,1.101068377494812,0.0
-22,0,-6,137,152,8472,11,-12,-3,517,5193,6273,20,-1,4,1618,-104,8027,-3,-19,-18,960,-1850,7872,0.22482892870903015,4.887585639953613,1.0988706350326538,0.0
-22,0,-7,147,155,8466,11,-9,-2,517,5196,6276,19,-6,6,1627,-112,8018,7,-23,-19,965,-1852,7864,0.2834799587726593,4.819159030914307,1.3661350011825562,0.0
-20,-2,-8,135,159,8445,15,-11,-2,528,5188,6240,13,-1,5,1636,-107,8021,6,-19,-18,959,-1841,7864,0.22482892870903015,4.897360801696777,1.101068377494812,0.0
-21,-1,-8,149,154,8459,12,-11,-1,507,5194,6254,13,2,7,1616,-113,8016,-3,-13,-16,957,-1844,7860,0.22971652448177338,4.897360801696777,1.1250046491622925,0.0
-20,0,-9,159,141,8480,11,-12,-1,518,5186,6258,14,7,10,1607,-113,8039,9,-23,-19,958,-1850,7835,0.2346041053533554,4.877810478210449,1.1443543434143066,0.0
-20,-3,-9,138,132,8468,10,-10,0,522,5172,6263,15,4,6,1600,-109,8025,10,-26,-18,978,-1839,7826,0.23949168622493744,4.877810478210449,1.1681950092315674,0.0
-21,0,-9,132,144,8453,9,-11,-3,508,5199,6277,19,-6,5,1605,-117,8028,5,-20,-17,972,-1841,7841,0.22971652448177338,4.887585639953613,1.122759222984314,0.0
-18,-1,-7,129,138,8486,10,-13,-3,529,5194,6273,18,-6,7,1606,-111,8047,7,-23,-18,967,-1857,7870,0.21994134783744812,4.877810478210449,1.0728322267532349,0.0
-22,1,-9,114,154,8478,11,-9,-1,503,5199,6243,14,-1,6,1609,-97,8028,9,-22,-17,958,-1837,7866,0.21994134783744812,4.887585639953613,1.0749821662902832,0.0
-21,0,-8,133,163,8426,12,-8,-2,518,5209,6245,19,-5,7,1621,-103,8029,3,-17,-17,954,-1842,7865,0.22482892870903015,4.887585639953613,1.0988706350326538,0.0
-19,0,-7,128,160,8472,12,-9,-3,506,5182,6225,17,-6,4,1614,-95,8034,12,-23,-21,974,-1826,7847,0.22482892870903015,4.887585639953613,1.0988706350326538,0.0
-20,1,-8,125,135,8477,8,-13,-4,544,5177,6289,15,-3,6,1623,-94,8017,1,-23,-18,971,-1813,7854,0.22482892870903015,4.897360801696777,1.101068377494812,0.0
-22,-1,-5,117,151,8456,10,-10,-4,544,5191,6270,17,-3,6,1617,-115,8026,3,-23,-17,964,-1836,7846,0.22482892870903015,4.897360801696777,1.101068377494812,0.0
-21,-3,-6,120,151,8471,11,-10,-3,519,5208,6277,15,1,6,1627,-99,8028,3,-20,-19,957,-1843,7859,0.22482892870903015,4.897360801696777,1.101068377494812,0.0
-20,-3,-7,144,162,8503,12,-10,-1,501,5202,6271,15,0,9,1614,-108,8021,-1,-21,-17,943,-1838,7845,0.22482892870903015,4.897360801696777,1.101068377494812,0.0
-21,0,-8,121,142,8433,12,-13,-4,513,5199,6249,16,-3,5,1614,-123,8030,4,-22,-18,955,-1864,7853,0.22482892870903015,4.887585639953613,1.0988706350326538,0.0
-21,-1,-9,151,143,8459,12,-13,-3,521,5203,6283,16,-8,6,1615,-132,8040,8,-24,-16,958,-1869,7848,0.22482892870903015,4.897360801696777,1.101068377494812,0.0
-20,2,-8,144,148,8459,10,-10,-2,527,5181,6247,15,1,9,1622,-116,8022,7,-21,-16,978,-1851,7843,0.22482892870903015,4.897360801696777,1.101068377494812,0.0
-19,0,-10,123,125,8419,11,-12,-1,512,5193,6282,17,-4,5,1615,-105,8031,10,-24,-21,968,-1830,7824,0.22482892870903015,4.897360801696777,1.101068377494812,0.0
-22,0,-8,138,152,8472,10,-10,0,513,5202,6244,17,-4,8,1617,-117,8018,9,-23,-16,965,-1821,7851,0.22482892870903015,4.897360801696777,1.101068377494812,0.0
-19,-1,-8,128,159,8415,11,-12,-2,522,5205,6283,18,6,6,1612,-103,8022,3,-18,-17,961,-1829,7848,0.22971652448177338,4.897360801696777,1.1250046491622925,0.0
-19,1,-7,118,143,8450,12,-14,-2,534,5187,6243,13,-3,8,1607,-89,8037,-1,-16,-19,960,-1853,7857,0.22482892870903015,4.877810478210449,1.0966728925704956,0.0
-20,-3,-7,147,160,8454,11,-12,-2,518,5201,6281,19,1,8,1624,-99,8033,4,-21,-19,963,-1853,7860,0.21994134783744812,4.897360801696777,1.0771321058273315,0.0
-21,-1,-6,120,161,8494,10,-13,-3,503,5161,6298,15,0,5,1623,-113,8012,-1,-19,-19,965,-1846,7837,0.22482892870903015,4.897360801696777,1.101068377494812,0.0
-20,2,-9,135,160,8452,11,-14,-3,503,5195,6293,19,0,7,1627,-108,8028,6,-20,-16,963,-1853,7842,0.22482892870903015,4.887585639953613,1.0988706350326538,0.0
-20,-2,-9,120,144,8460,13,-14,-3,498,5189,6215,17,1,6,1612,-116,8036,11,-26,-18,954,-1846,7851,0.22971652448177338,4.897360801696777,1.1250046491622925,0.0
-20,-3,-6,139,154,8428,11,-14,-3,526,5217,6241,15,1,5,1605,-109,8016,7,-25,-18,959,-1832,7855,0.22482892870903015,4.887585639953613,1.0988706350326538,0.0
-20,-1,-7,166,142,8464,10,-10,-4,538,5185,6290,16,-9,7,1610,-106,8015,6,-19,-18,959,-1839,7863,0.22482892870903015,4.887585639953613,1.0988706350326538,0.0
-18,-2,-7,135,158,8461,10,-13,-2,529,5176,6274,16,0,6,1619,-102,8038,4,-22,-19,979,-1831,7847,0.22971652448177338,4.887585639953613,1.122759222984314,0.0
-22,0,-9,139,151,8473,11,-11,-3,533,5185,6300,17,-2,3,1616,-107,7763,6,-20,-17,977,-1836,7834,0.22482892870903015,4.887585639953613,1.0988706350326538,0.0
-21,0,-8,121,140,8489,11,-12,-3,532,5186,6290,19,-1,3,1616,-94,8030,10,-19,-18,965,-1846,7848,0.21994134783744812,4.887585639953613,1.0749821662902832,0.0
-19,0,-9,113,150,8465,11,-13,-3,498,5194,6262,17,4,8,1607,-89,8023,2,-19,-18,972,-1846,7845,0.21994134783744812,4.897360801696777,1.0771321058273315,0.0
-19,-1,-5,127,147,8472,11,-15,-1,537,5191,6278,17,0,9,1607,-114,8024,-1,-22,-16,958,-1851,7848,0.22482892870903015,4.887585639953613,1.0988706350326538,0.0
-21,-2,-8,130,150,8476,12,-13,-3,503,5191,6283,16,-8,8,1626,-113,8022,5,-23,-17,967,-1862,7846,0.22482892870903015,4.887585639953613,1.0988706350326538,0.0
-20,-1,-6,112,155,8512,11,-13,0,496,5201,6246,18,-3,8,1629,-112,8023,7,-19,-18,967,-1842,7850,0.22482892870903015,4.897360801696777,1.101068377494812,0.0
-18,-1,-8,150,149,8457,8,-11,-3,514,5204,6254,21,-1,4,1633,-125,8022,4,-20,-19,957,-1835,7833,0.22482892870903015,4.897360801696777,1.101068377494812,0.0
-18,-2,-8,149,170,8508,8,-11,-2,537,5216,6276,18,-3,7,1623,-130,8032,9,-21,-20,961,-1843,7860,0.22482892870903015,4.897360801696777,1.101068377494812,0.0
-20,0,-9,180,155,8458,12,-12,-2,518,5199,6294,13,4,7,1629,-116,8023,14,-21,-17,967,-1836,7847,0.22971652448177338,4.887585639953613,1.122759222984314,0.0
-20,-2,-8,151,144,8452,10,-10,0,517,5184,6258,14,-1,6,1594,-121,8039,6,-22,-17,958,-1839,7846,0.22482892870903015,4.887585639953613,1.0988706350326538,0.0
-21,2,-8,140,158,8475,13,-11,-4,521,5192,6255,17,-4,5,1602,-104,8037,258,-21,-18,956,-1842,7867,0.22482892870903015,4.887585639953613,1.0988706350326538,0.0
-21,1,-7,115,159,8483,13,-13,-3,509,5187,6256,19,-4,7,1580,-103,8040,10,-24,-17,958,-1842,7860,0.21994134783744812,4.897360801696777,1.0771321058273315,0.0
-19,-1,-8,151,152,8431,13,-14,-2,510,5180,6242,15,-5,9,1600,-97,8035,4,-21,-18,951,-1859,7849,0.22971652448177338,4.897360801696777,1.1250046491622925,0.0
-22,0,-8,98,147,8440,12,-15,-5,521,5185,6277,17,-7,6,1626,-82,8023,5,-19,-18,948,-1841,7848,0.23949168622493744,4.887585639953613,1.1705361604690552,0.0
-20,-1,-7,106,173,8496,13,-13,-3,508,5179,6283,14,0,5,1625,-99,8015,4,-20,-17,974,-1845,7838,0.23949168622493744,4.887585639953613,1.1705361604690552,0.0
-21,1,-8,152,127,8460,10,-11,-1,520,5187,6238,15,2,7,1616,-109,8021,10,-21,-16,970,-1847,7847,0.2346041053533554,4.887585639953613,1.1466476917266846,0.0
-19,0,-11,156,128,8461,10,-9,-4,518,5203,6258,19,2,6,1605,-111,8035,11,-21,-19,968,-1833,7840,0.2346041053533554,4.887585639953613,1.1466476917266846,0.0
-21,-2,-8,153,140,8460,12,-13,-1,516,5208,6269,15,-3,7,1606,-116,8028,7,-20,-16,955,-1841,7846,0.22482892870903015,4.887585639953613,1.0988706350326538,0.0
-21,-1,-8,130,141,8482,9,-12,-1,520,5209,6243,19,-9,6,1600,-120,8035,2,-21,-21,965,-1841,7852,0.22482892870903015,4.897360801696777,1.101068377494812,0.0
-20,1,-8,140,138,8468,12,-12,-3,538,5193,6269,16,-5,6,1614,-119,8014,6,-21,-17,979,-1842,7845,0.22482892870903015,4.897360801696777,1.101068377494812,0.0
-20,1,-8,142,158,8480,12,-11,-3,523,5188,6229,15,2,7,1618,-115,8012,6,-21,-18,978,-1840,7844,0.22971652448177338,4.897360801696777,1.1250046491622925,0.0
-20,2,-9,128,130,8481,11,-11,-2,519,5167,6257,18,-3,7,1607,-88,8036,4,-18,-16,973,-1834,7849,0.22482892870903015,4.887585639953613,1.0988706350326538,0.0
-22,-2,-8,109,155,8464,12,-13,-2,515,5201,6253,16,-4,9,1619,-97,8028,9,-20,-15,959,-1832,7841,0.21994134783744812,4.887585639953613,1.0749821662902832,0.0
-20,0,-9,121,132,8483,12,-9,-2,509,5184,6263,19,-1,6,1607,-108,8029,3,-20,-17,947,-1829,7833,0.22971652448177338,4.897360801696777,1.1250046491622925,0.0
-20,-1,-9,115,139,8463,8,-12,-4,531,5198,6241,15,1,5,1620,-99,8029,6,-23,-17,940,-1831,7857,0.22482892870903015,4.887585639953613,1.0988706350326538,0.0
-20,-1,-7,155,139,8492,11,-12,-2,502,5185,6257,19,4,7,1611,-119,8028,15,-25,-19,970,-1846,7858,0.22482892870903015,4.887585639953613,1.0988706350326538,0.0
-21,-1,-7,136,147,8476,12,-12,-3,502,5195,6267,14,-4,4,1611,-110,8023,3,-22,-15,965,-1838,7851,0.22482892870903015,4.897360801696777,1.101068377494812,0.0
-20,-3,-7,135,138,8476,11,-12,-3,521,5210,6246,22,-10,11,1625,-113,8021,7,-21,-15,974,-1837,7843,0.22482892870903015,4.897360801696777,1.101068377494812,0.0
-21,1,-8,155,151,8475,12,-13,-2,505,5184,6258,15,-1,7,1617,-119,8028,6,-20,-16,963,-1833,7826,0.29325512051582336,4.838709354400635,1.4189763069152832,0.0
-21,-1,-8,153,152,8456,9,-11,-2,534,5194,6252,15,-1,6,1616,-101,8040,2,-24,-16,969,-1840,7812,0.21994134783744812,4.887585639953613,1.0749821662902832,0.0
-20,0,-8,135,158,8444,7,-12,-3,507,5196,6291,17,-5,6,1615,-108,8030,4,-20,-16,955,-1847,7867,0.21994134783744812,4.887585639953613,1.0749821662902832,0.0
-23,-1,-9,117,142,8456,12,-12,-3,522,5215,6296,16,-3,3,1605,-94,8038,1,-22,-18,952,-1834,7860,0.21994134783744812,4.897360801696777,1.0771321058273315,0.0
-21,0,-9,103,137,8459,12,-11,-3,526,5192,6243,19,5,8,1611,-98,8039,2,-19,-15,965,-1843,7868,0.22482892870903015,4.887585639953613,1.0988706350326538,0.0
-20,2,-8,120,169,8464,12,-11,-3,509,5200,6249,17,-3,4,1623,-97,8032,2,-19,-13,949,-1842,7857,0.2492668628692627,4.858260154724121,1.211003303527832,0.0
-21,0,-7,149,141,8465,12,-10,-3,505,5186,6276,13,-2,10,1623,-107,8030,2,-19,-18,966,-1839,7834,0.22482892870903015,4.897360801696777,1.101068377494812,0.0
-20,-1,-7,154,154,8471,11,-13,-3,542,5207,6269,23,-1,7,1617,-108,8023,1,-20,-17,974,-1843,7835,0.22971652448177338,4.887585639953613,1.122759222984314,0.0
-22,1,-7,142,164,8445,10,-13,-4,515,5181,6296,13,-2,7,1617,-112,8027,8,-22,-17,957,-1853,7830,0.22971652448177338,4.887585639953613,1.122759222984314,0.0
-20,-1,-8,129,161,8434,12,-12,-3,495,5191,6273,14,5,5,1615,-105,8026,5,-25,-18,974,-1842,7832,0.22482892870903015,4.887585639953613,1.0988706350326538,0.0
-22,-1,-9,133,146,8460,11,-10,-2,511,5184,6303,16,0,4,1604,-127,8032,2,-22,-18,960,-1839,7866,0.22482892870903015,4.887585639953613,1.0988706350326538,0.0
-21,0,-9,135,131,8468,11,-10,-1,519,5217,6271,17,-7,5,1613,-115,8028,9,-23,-17,971,-1848,7870,0.22482892870903015,4.887585639953613,1.0988706350326538,0.0
-22,2,-6,133,146,8482,15,-9,-3,502,5187,6235,15,-2,6,1601,-98,8029,7,-19,-19,958,-1831,7843,0.22482892870903015,4.897360801696777,1.101068377494812,0.0
-22,-1,-9,148,143,8442,11,-12,-2,518,5189,6253,14,-3,5,1619,-101,8025,8,-18,-23,963,-1825,7830,0.2639296054840088,4.838709354400635,1.277078628540039,0.0
-19,2,-8,151,176,8457,6,-12,-3,503,5179,6252,17,-1,5,1632,-99,8030,7,-24,-20,951,-1835,7828,0.22482892870903015,4.897360801696777,1.101068377494812,0.0
-22,-1,-8,136,165,8458,12,-12,-2,523,5206,6283,15,2,6,1637,-108,8021,8,-26,-16,955,-1832,7830,0.22482892870903015,4.887585639953613,1.0988706350326538,0.0
-20,1,-6,144,149,8473,12,-12,-3,506,5184,6263,18,-2,7,1613,-112,8020,6,-24,-18,943,-1843,7858,0.22971652448177338,4.887585639953613,1.122759222984314,0.0
-22,1,-8,129,140,8456,11,-14,-3,515,5171,6252,13,2,9,1602,-93,8040,9,-24,-19,953,-1847,7859,0.22482892870903015,4.897360801696777,1.101068377494812,0.0
-20,0,-8,147,137,8479,11,-13,-1,526,5184,6264,19,-1,6,1614,-105,8034,6,-19,-20,959,-1854,7855,0.25904202461242676,4.858260154724121,1.2584935426712036,0.0
-22,-2,-7,128,136,8461,12,-12,-3,528,5159,6280,15,-7,6,1610,-112,8025,5,-19,-19,966,-1851,7852,0.22482892870903015,4.897360801696777,1.101068377494812,0.0
-21,0,-7,139,149,8474,5,-13,-3,509,5187,6288,-235,-5,5,1627,-101,8039,24,-34,-29,944,-1903,7797,0.22971652448177338,4.897360801696777,1.1250046491622925,0.0
-21,-1,-7,127,175,8472,7,-11,-3,536,5189,6241,15,4,4,1622,-120,8012,154,-110,-40,905,-1981,7795,0.22971652448177338,4.887585639953613,1.122759222984314,0.0
-19,-1,-9,127,158,8454,-6,-12,-1,509,5204,6276,15,3,9,1613,-111,8010,293,-206,-68,945,-1957,7821,0.21994134783744812,4.887585639953613,1.0749821662902832,0.0
-18,-1,-9,140,139,8470,57,-12,-2,517,5193,6285,16,4,5,1596,-102,8041,392,-242,-69,919,-1815,7945,0.22971652448177338,4.897360801696777,1.1250046491622925,0.0
-21,-1,-9,129,142,8456,106,-15,-13,491,5214,6264,14,-3,9,1593,-114,8018,336,-187,-78,1081,-1608,7899,0.22971652448177338,4.897360801696777,1.1250046491622925,0.0
-20,-1,-8,127,139,8438,61,-18,-13,506,5194,6232,21,-6,5,1600,-107,8028,173,-123,-38,1126,-1649,7825,0.2346041053533554,4.877810478210449,1.1443543434143066,0.0
-22,0,-7,149,139,8482,16,-12,-1,515,5214,6225,20,-3,7,1624,-116,8022,-3,4,-10,1107,-1571,7844,0.28836753964424133,4.838709354400635,1.3953267335891724,0.0
-21,-1,-8,134,143,8475,24,-12,-3,504,5182,6293,11,3,7,1608,-102,8015,-59,11,1,1025,-1761,7860,0.22482892870903015,4.897360801696777,1.101068377494812,0.0
-22,0,-7,150,160,8500,77,-12,-11,504,5209,6249,18,4,6,1591,-126,8050,6,-20,-15,1006,-1778,7878,0.22482892870903015,4.897360801696777,1.101068377494812,0.0
-20,0,-7,147,146,8468,67,-15,-9,514,5250,6160,16,-2,8,1588,-137,8037,57,-50,-33,1000,-1760,7865,0.22482892870903015,4.887585639953613,1.0988706350326538,0.0
-21,0,-6,171,161,8458,-56,-10,2,507,5213,6233,22,-17,7,1628,-121,8020,45,-49,-20,1090,-1741,7885,0.22482892870903015,4.887585639953613,1.0988706350326538,0.0
-22,-1,-9,151,179,8472,-4,-11,-1,547,5148,6417,18,-8,4,1671,-127,8019,-88,61,-19,1098,-1521,7904,0.2492668628692627,4.858260154724121,1.211003303527832,0.0
-20,0,-10,145,195,8432,24,-11,-3,534,5215,6219,11,11,4,1650,-101,8027,-272,147,25,1043,-1613,7869,0.21994134783744812,4.887585639953613,1.0749821662902832,0.0
-19,2,-10,113,134,8445,10,-14,-1,534,5214,6253,9,22,6,1577,-101,8043,-269,106,38,838,-1807,7855,0.22482892870903015,4.887585639953613,1.0988706350326538,0.0
-21,1,-10,85,107,8441,14,-12,-2,512,5193,6202,16,15,10,1521,-97,8063,-103,47,9,796,-1993,7831,0.22482892870903015,4.907135963439941,1.1032661199569702,0.0
-21,0,-5,86,124,8459,3,-10,-2,508,5209,6258,18,-25,5,1570,-102,8055,103,-64,-32,914,-1849,7883,0.22482892870903015,4.887585639953613,1.0988706350326538,0.0
-20,-1,-4,123,170,8499,6,-10,-1,482,5212,6247,23,-34,8,1647,-93,8006,143,-63,-46,1031,-1717,7903,0.21994134783744812,4.887585639953613,1.0749821662902832,0.0
-20,0,-6,170,202,8464,9,-13,-2,497,5220,6294,18,-1,8,1700,-81,8007,-49,-22,-23,1038,-1634,7815,0.22971652448177338,4.887585639953613,1.122759222984314,0.0
-19,0,-10,139,207,8483,10,-11,-2,519,5203,6272,16,28,8,1690,-99,8019,-69,13,-9,1045,-1809,7835,0.22482892870903015,4.887585639953613,1.0988706350326538,0.0
-21,-2,-9,143,160,8434,20,-13,-4,510,5198,6188,10,32,7,1590,-131,8029,15,-22,-11,963,-1843,7806,0.22482892870903015,4.897360801696777,1.101068377494812,0.0
-21,1,-8,125,71,8445,6,-13,-3,518,5209,6239,13,11,8,1503,-128,8071,55,-49,-18,996,-1761,7851,0.21994134783744812,4.897360801696777,1.0771321058273315,0.0
-19,1,-6,109,98,8492,18,-13,-3,518,5214,6221,20,-17,9,1532,-131,8046,-27,-17,-7,993,-1703,7876,0.22482892870903015,4.897360801696777,1.101068377494812,0.0
-23,-2,-4,138,120,8485,3,-11,-1,506,5227,6209,21,-24,8,1582,-112,8027,-37,0,-12,979,-1802,7870,0.22482892870903015,4.887585639953613,1.0988706350326538,0.0
-23,0,-5,137,155,8491,11,-13,-2,524,5215,6285,16,-10,8,1642,-121,8025,24,-39,-27,1000,-1840,7909,0.21994134783744812,4.887585639953613,1.0749821662902832,0.0
-21,0,-6,162,181,8460,16,-14,0,525,5202,6211,15,1,9,1663,-112,8014,50,-52,-30,990,-1745,7899,0.21994134783744812,4.897360801696777,1.0771321058273315,0.0
-15,-2,-6,142,188,8447,9,-12,-3,504,5188,6265,13,9,4,1648,-119,8021,-28,-16,-19,1027,-1719,7819,0.22482892870903015,4.887585639953613,1.0988706350326538,0.0
-22,1,-8,124,138,8445,23,-13,-2,514,5176,6238,19,4,5,1615,-106,8036,-41,-2,-8,997,-1773,7850,0.22482892870903015,4.897360801696777,1.101068377494812,0.0
-21,1,-8,130,134,8475,7,-11,-4,510,5194,6261,15,10,8,1588,-108,8030,-29,26,-24,993,-1803,7872,0.21994134783744812,4.897360801696777,1.0771321058273315,0.0
-21,-1,-5,90,104,8461,23,-12,-1,518,5212,6227,16,11,10,1536,-90,8059,-11,-35,-21,928,-1803,7819,0.22971652448177338,4.897360801696777,1.1250046491622925,0.0
-22,1,-2,92,113,8484,7,-9,-1,533,5186,6270,21,-28,11,1549,-75,8054,33,-29,-22,1012,-1815,7883,0.22482892870903015,4.897360801696777,1.101068377494812,0.0
-16,-1,-1,127,166,8460,1,-12,-2,550,5221,6235,27,-33,8,1647,-80,8016,9,-17,-20,1013,-1755,7845,0.22482892870903015,4.887585639953613,1.0988706350326538,0.0
-27,1,-3,173,203,8470,1,-13,-2,519,5198,6289,18,-14,7,1693,-82,7995,7,-26,-17,1028,-1802,7845,0.22482892870903015,4.897360801696777,1.101068377494812,0.0
-20,-3,-7,153,206,8465,5,-11,-3,519,5215,6279,17,13,7,1688,-105,8017,14,-24,-18,1000,-1765,7832,0.21994134783744812,4.897360801696777,1.0771321058273315,0.0
-22,1,-9,163,159,8447,12,-11,-3,506,5221,6231,13,32,10,1645,-136,8033,-14,-16,-10,1000,-1772,7846,0.22482892870903015,4.887585639953613,1.0988706350326538,0.0
-22,1,-8,143,127,8457,11,-12,-3,526,5227,6230,14,4,6,1561,-149,8047,-18,-8,-10,986,-1769,7854,0.22482892870903015,4.887585639953613,1.0988706350326538,0.0
-21,-3,-7,179,100,8497,21,-13,-4,510,5218,6206,19,-22,4,1585,-154,8041,-39,2,-11,955,-1785,7875,0.22482892870903015,4.897360801696777,1.101068377494812,0.0
-22,2,-7,163,136,8465,6,-12,-2,531,5213,6236,15,-16,5,1635,-142,8023,7,-18,-16,990,-1801,7871,0.22482892870903015,4.897360801696777,1.101068377494812,0.0
-23,-1,-9,148,161,8472,14,-12,-4,506,5222,6247,17,-4,3,1649,-186,8057,40,-36,-26,994,-1806,7861,0.22482892870903015,4.897360801696777,1.101068377494812,0.0
-22,-1,-9,198,145,8479,13,-10,0,544,5187,6237,14,-9,8,1636,-115,8023,20,-28,-20,1016,-1761,7832,0.22482892870903015,4.887585639953613,1.0988706350326538,0.0
-20,-1,-8,177,194,8456,13,-12,-1,514,5191,6243,12,4,5,1619,-83,8027,-14,-16,-8,997,-1768,7812,0.22482892870903015,4.887585639953613,1.0988706350326538,0.0
-22,-1,-11,75,164,8494,9,-14,-2,513,5215,6248,18,-4,6,1625,-104,8029,-1,-18,-9,960,-1809,7820,0.2541544437408447,4.887585639953613,1.242201566696167,0.0
-20,2,-10,81,163,8509,12,-11,-1,518,5212,6252,11,9,8,1586,-88,8036,8,-24,-19,983,-1796,7866,0.21994134783744812,4.897360801696777,1.0771321058273315,0.0
-19,-1,-8,107,128,8450,13,-11,-1,512,5203,6269,15,7,8,1559,-76,8030,5,-17,-11,988,-1770,7876,0.22971652448177338,4.887585639953613,1.122759222984314,0.0
-20,-2,-9,97,139,8450,11,-12,-1,528,5208,6246,19,-10,7,1585,-105,8045,3,-18,-16,973,-1794,7889,0.22971652448177338,4.887585639953613,1.122759222984314,0.0
-21,-2,-7,111,153,8454,10,-10,0,523,5207,6280,15,-15,7,1627,-89,8021,20,-23,-17,1016,-1776,7875,0.22482892870903015,4.887585639953613,1.0988706350326538,0.0
-22,-2,-6,164,162,8450,11,-11,-3,522,5196,6235,13,0,4,1626,-121,8029,7,-21,-19,1022,-1777,7823,0.2346041053533554,4.877810478210449,1.1443543434143066,0.0
-21,0,-6,140,171,8460,9,-12,0,524,5206,6217,14,10,7,1631,-125,8033,-4,-21,-17,1009,-1789,7840,0.22971652448177338,4.897360801696777,1.1250046491622925,0.0
-20,1,-8,156,147,8466,9,-12,-2,526,5196,6259,17,4,7,1609,-139,8034,3,-24,-11,983,-1791,7843,0.22971652448177338,4.887585639953613,1.122759222984314,0.0
-21,1,-8,153,116,8467,13,-10,-5,495,5201,6232,16,1,10,1584,-137,8046,1,-23,-14,965,-1781,7839,0.22971652448177338,4.887585639953613,1.122759222984314,0.0
-22,-2,-6,135,124,8431,13,-10,-1,552,5202,6238,14,-4,7,1556,-123,8055,5,-21,-16,977,-1787,7899,0.22482892870903015,4.887585639953613,1.0988706350326538,0.0
-24,1,-5,68,56,8453,8,-8,0,512,5172,6262,13,17,10,1518,-102,8063,0,-13,-18,980,-1810,7882,0.2639296054840088,4.858260154724121,1.2822387218475342,0.0
-28,2,-2,94,10,8479,21,-11,-1,508,5235,6228,16,19,13,1458,-102,8076,11,-21,-18,987,-1806,7856,0.22971652448177338,4.887585639953613,1.122759222984314,0.0
-14,-2,4,78,134,8443,3,-12,-3,511,5229,6248,29,-52,14,1535,-105,8053,26,-30,-18,982,-1769,7852,0.22482892870903015,4.897360801696777,1.101068377494812,0.0
-17,-2,3,168,301,8472,12,-14,-2,547,5205,6236,39,-111,3,1781,-60,8006,31,-27,-16,997,-1776,7850,0.2541544437408447,4.858260154724121,1.234748363494873,0.0
-16,-3,-7,230,406,8478,7,-13,-2,521,5242,6243,24,-76,-3,1953,-65,7922,0,-14,-8,1009,-1716,7848,0.21994134783744812,4.887585639953613,1.0749821662902832,0.0
-17,0,-15,236,356,8469,12,-13,-2,540,5216,6237,2,72,2,1870,-78,7940,-31,2,-9,988,-1761,7859,0.22971652448177338,4.897360801696777,1.1250046491622925,0.0
-13,0,-19,132,135,8488,6,-13,-3,530,5202,6269,-23,182,11,1523,-156,8060,-53,21,-10,1049,-1755,7829,0.22971652448177338,4.897360801696777,1.1250046491622925,0.0
-20,1,-12,88,-47,8458,19,-12,-2,520,5178,6249,1,71,23,1273,-187,8143,-79,17,6,998,-1864,7875,0.21994134783744812,4.897360801696777,1.0771321058273315,0.0
-27,2,-5,60,-63,8458,7,-11,-1,474,5195,6283,39,-106,4,1281,-162,8122,-13,-12,-22,948,-1906,7847,0.2688172161579132,4.897360801696777,1.3164949417114258,0.0
-18,0,0,124,58,8496,15,-11,-3,486,5186,6267,38,-124,3,1564,-103,8026,64,-54,-26,974,-1838,7830,0.22482892870903015,4.897360801696777,1.101068377494812,0.0
-19,-3,-3,194,181,8457,6,-14,-2,498,5180,6218,29,-44,6,1778,-77,7963,24,-35,-14,993,-1753,7833,0.21994134783744812,4.897360801696777,1.0771321058273315,0.0
-18,-3,-8,192,287,8467,5,-15,0,493,5216,6275,7,56,2,1780,-101,7986,-16,-11,-11,974,-1765,7885,0.21994134783744812,4.897360801696777,1.0771321058273315,0.0
-18,0,-13,205,268,8478,13,-13,-2,554,5201,6257,8,26,6,1671,-118,8027,5,-24,-16,957,-1789,7886,0.22482892870903015,4.897360801696777,1.101068377494812,0.0
-21,1,-15,159,189,8462,11,-13,-4,527,5213,6224,22,-28,1,1634,-103,8026,14,-24,-23,1002,-1756,7882,0.22482892870903015,4.897360801696777,1.101068377494812,0.0
-18,-2,-11,96,104,8501,17,-12,-2,523,5180,6234,15,18,7,1607,-84,8016,-7,-5,-21,1026,-1792,7886,0.21994134783744812,4.897360801696777,1.0771321058273315,0.0
-22,0,-7,86,96,8460,17,-12,-3,509,5233,6238,8,30,11,1554,-99,8053,-6,-14,-17,1006,-1812,7842,0.22482892870903015,4.897360801696777,1.101068377494812,0.0
-19,0,-7,103,120,8439,16,-9,-1,507,5195,6239,16,5,4,1543,-92,8053,12,-25,-18,972,-1829,7822,0.22482892870903015,4.897360801696777,1.101068377494812,0.0
-21,0,-9,122,149,8439,16,-12,-4,496,5204,6212,19,-28,5,1579,-121,8046,14,-34,-13,1003,-1796,7830,0.22971652448177338,4.897360801696777,1.1250046491622925,0.0
-21,1,-8,125,126,8507,7,-15,-3,498,5195,6248,20,-23,7,1625,-129,8014,1,-23,-16,984,-1795,7826,0.25904202461242676,4.858260154724121,1.2584935426712036,0.0
-21,-2,-9,156,165,8466,10,-12,-2,541,5174,6224,12,16,8,1650,-130,8019,12,-20,-13,979,-1798,7872,0.22482892870903015,4.897360801696777,1.101068377494812,0.0
-23,0,-8,161,170,8462,13,-10,-3,517,5212,6255,13,16,8,1627,-129,8039,14,-20,-18,984,-1793,7876,0.21994134783744812,4.887585639953613,1.0749821662902832,0.0
-19,-1,-8,133,171,8465,14,-12,-2,513,5202,6224,15,-20,3,1601,-118,8034,4,-18,-19,989,-1785,7872,0.24437928199768066,4.887585639953613,1.1944246292114258,0.0
-23,1,-10,114,150,8457,10,-12,-2,512,5218,6233,22,-26,5,1629,-95,8015,4,-13,-17,993,-1800,7855,0.22482892870903015,4.887585639953613,1.0988706350326538,0.0
-22,0,-9,104,161,8437,11,-12,-3,538,5229,6249,17,5,6,1640,-90,8020,12,-24,-19,989,-1798,7834,0.22482892870903015,4.897360801696777,1.101068377494812,0.0
-21,-3,-10,129,160,8435,8,-9,-3,532,5202,6291,12,21,4,1603,-97,8034,14,-25,-16,1004,-1793,7841,0.2346041053533554,4.897360801696777,1.148940920829773,0.0
-20,0,-8,119,144,8470,10,-12,-2,516,5200,6253,16,2,6,1572,-96,8052,2,-18,-17,987,-1800,7852,0.22482892870903015,4.897360801696777,1.101068377494812,0.0
-20,-2,-6,101,121,8495,14,-11,-1,501,5200,6265,20,-13,8,1576,-105,8058,4,-22,-12,976,-1793,7865,0.2639296054840088,4.848484992980957,1.2796586751937866,0.0
-22,-1,-5,140,126,8496,16,-11,-3,511,5214,6242,17,-10,6,1611,-108,8012,6,-21,-20,983,-1804,7856,0.21994134783744812,4.887585639953613,1.0749821662902832,0.0
-20,-1,-5,143,168,8451,11,-11,-2,531,5201,6225,18,2,9,1641,-108,8022,7,-18,-18,977,-1797,7861,0.22482892870903015,4.897360801696777,1.101068377494812,0.0
-20,-1,-6,158,128,8449,8,-10,-2,522,5227,6270,11,9,5,1612,-114,8029,2,-19,-12,999,-1804,7849,0.22482892870903015,4.887585639953613,1.0988706350326538,0.0
-21,1,-8,157,137,8434,12,-12,-1,534,5190,6235,20,-5,7,1613,-117,8030,15,-27,-20,992,-1787,7838,0.22482892870903015,4.887585639953613,1.0988706350326538,0.0
-19,0,-7,138,156,8477,11,-10,-2,538,5202,6266,18,-8,6,1627,-110,8016,1,-20,-16,989,-1782,7867,0.2492668628692627,4.848484992980957,1.208566665649414,0.0
-19,1,-7,134,142,8502,14,-11,-3,529,5207,6280,15,4,6,1614,-111,8038,-5,-16,-12,981,-1786,7872,0.22482892870903015,4.887585639953613,1.0988706350326538,0.0
-22,-2,-8,114,126,8463,14,-12,-5,519,5195,6256,19,3,6,1605,-107,8029,-1,-14,-21,983,-1818,7874,0.32258063554763794,4.858260154724121,1.5671806335449219,0.0
-21,1,-7,124,138,8460,12,-12,-2,512,5194,6250,18,-1,8,1582,-110,8028,11,-23,-21,974,-1818,7889,0.3176930546760559,4.838709354400635,1.5372244119644165,0.0
-22,0,-6,129,141,8493,12,-11,-3,496,5181,6253,16,0,7,1591,-107,8033,14,-18,-18,983,-1805,7847,0.22482892870903015,4.887585639953613,1.0988706350326538,0.0
-20,-2,-6,147,176,8473,10,-13,-2,523,5205,6223,21,-16,6,1640,-110,8016,7,-20,-17,989,-1786,7856,0.22971652448177338,4.887585639953613,1.122759222984314,0.0
-19,1,-8,144,194,8462,8,-11,-1,511,5207,6244,21,-17,6,1684,-109,8004,7,-30,-15,998,-1786,7841,0.22482892870903015,4.887585639953613,1.0988706350326538,0.0
-19,0,-9,169,196,8483,11,-12,-2,529,5201,6251,15,8,7,1688,-104,8023,10,-24,-15,991,-1778,7831,0.22971652448177338,4.887585639953613,1.122759222984314,0.0
-20,-1,-11,156,161,8437,12,-10,-3,535,5207,6239,13,18,7,1632,-119,8024,4,-21,-13,996,-1781,7874,0.22971652448177338,4.897360801696777,1.1250046491622925,0.0
-20,3,-9,136,117,8472,17,-11,-1,516,5209,6242,12,21,10,1565,-126,8054,-6,-7,-17,973,-1804,7888,0.22482892870903015,4.897360801696777,1.101068377494812,0.0
-21,-1,-9,107,71,8449,10,-11,-2,492,5214,6252,10,10,9,1521,-129,8063,1,-13,-15,983,-1825,7880,0.22971652448177338,4.887585639953613,1.122759222984314,0.0
-21,0,-4,125,89,8463,14,-14,-3,500,5219,6238,23,-24,8,1557,-118,8045,4,-17,-17,979,-1811,7861,0.22971652448177338,4.887585639953613,1.122759222984314,0.0
-24,0,-7,121,130,8493,9,-12,-2,510,5213,6240,24,-26,6,1611,-101,8036,12,-30,-21,983,-1798,7832,0.22482892870903015,4.907135963439941,1.1032661199569702,0.0
-20,-2,-6,168,213,8455,8,-12,-3,526,5187,6281,14,-12,6,1669,-91,8001,8,-27,-18,997,-1788,7841,0.22482892870903015,4.907135963439941,1.1032661199569702,0.0
-20,0,-11,141,201,8440,7,-11,-2,520,5199,6281,23,-2,6,1685,-100,8012,7,-22,-16,986,-1787,7862,0.2688172161579132,4.868035316467285,1.3086117506027222,0.0
-20,0,-9,150,218,8460,12,-11,-3,530,5218,6229,16,12,4,1671,-87,8014,1,-19,-18,996,-1798,7894,0.22482892870903015,4.897360801696777,1.101068377494812,0.0
-20,-1,-11,108,144,8448,15,-12,-2,534,5217,6241,12,32,12,1533,-106,8041,3,-17,-18,982,-1796,7866,0.22482892870903015,4.877810478210449,1.0966728925704956,0.0
-23,1,-6,61,53,8479,11,-12,-4,523,5188,6253,14,12,5,1489,-131,8071,-2,-18,-15,980,-1791,7856,0.21994134783744812,4.897360801696777,1.0771321058273315,0.0
-21,-1,-6,119,82,8460,13,-11,-4,509,5205,6247,19,-14,8,1530,-131,8054,0,-16,-15,992,-1810,7847,0.22482892870903015,4.897360801696777,1.101068377494812,0.0
-19,0,-4,161,149,8483,9,-11,-3,513,5186,6243,25,-44,5,1642,-116,8028,8,-27,-15,985,-1803,7828,0.22482892870903015,4.887585639953613,1.0988706350326538,0.0
-19,-4,-9,206,241,8501,8,-12,-2,533,5177,6236,22,-42,3,1704,-82,7991,7,-31,-16,986,-1798,7844,0.22482892870903015,4.887585639953613,1.0988706350326538,0.0
-18,0,-13,128,236,8482,11,-14,-2,496,5181,6281,14,5,2,1767,-97,7998,10,-20,-16,989,-1798,7870,0.2834799587726593,4.868035316467285,1.3799904584884644,0.0
-16,-1,-12,113,155,8399,13,-13,-2,511,5205,6270,5,70,9,1598,-103,8019,7,-19,-20,973,-1799,7868,0.22482892870903015,4.887585639953613,1.0988706350326538,0.0
-18,0,-11,116,96,8506,12,-10,-3,543,5216,6234,6,32,10,1455,-122,8072,-8,-16,-20,1001,-1772,7890,0.22482892870903015,4.887585639953613,1.0988706350326538,0.0
-20,-3,-6,95,87,8457,5,-11,-2,496,5209,6230,23,-48,5,1498,-128,8056,-8,-16,-17,980,-1791,7868,0.21994134783744812,4.897360801696777,1.0771321058273315,0.0
-32,-1,-6,119,72,8398,11,-12,-4,527,5185,6245,19,-26,8,1613,-114,8017,2,-21,-17,980,-1805,7834,0.22482892870903015,4.887585639953613,1.0988706350326538,0.0
-17,-3,-6,167,116,8484,10,-13,-2,504,5180,6247,14,13,7,1626,-117,8003,12,-22,-19,1000,-1789,7832,0.2639296054840088,4.858260154724121,1.2822387218475342,0.0
-22,1,-9,147,115,8457,11,-13,-3,534,5193,6268,15,29,6,1597,-133,8033,4,-19,-18,990,-1800,7847,0.22482892870903015,4.887585639953613,1.0988706350326538,0.0
-22,1,-8,149,142,8435,16,-12,-5,491,5200,6238,15,-4,9,1568,-117,8051,6,-16,-17,978,-1795,7863,0.21994134783744812,4.897360801696777,1.0771321058273315,0.0
-25,1,-6,146,156,8478,8,-10,-3,526,5200,6249,24,-41,7,1605,-93,8039,9,-17,-23,964,-1814,7889,0.24437928199768066,4.897360801696777,1.1968134641647339,0.0
-21,0,-6,129,244,8476,14,-13,0,513,5205,6217,24,-45,4,1682,-77,7988,20,-25,-20,981,-1751,7878,0.22482892870903015,4.897360801696777,1.101068377494812,0.0
-19,-1,-8,190,249,8478,12,-12,-3,523,5183,6228,12,17,4,1756,-79,7972,-16,-9,-13,1006,-1768,7862,0.21994134783744812,4.868035316467285,1.0706822872161865,0.0
-21,1,-14,159,171,8424,11,-11,-1,547,5192,6273,7,324,10,1626,-110,8021,-13,-12,-20,985,-1807,7845,0.21994134783744812,4.887585639953613,1.0749821662902832,0.0
-24,0,-12,29,-27,8465,49,-16,-4,517,5247,6263,-1,84,16,1349,-100,8109,20,-31,-17,993,-1817,7846,0.21994134783744812,4.897360801696777,1.0771321058273315,0.0
-21,-1,-1,69,44,8481,-5,-12,-1,516,5195,6294,24,-43,8,1397,-142,8097,7,-27,-19,1007,-1767,7848,0.2834799587726593,4.887585639953613,1.3855326175689697,0.0
-18,-1,0,181,265,8475,17,-13,-4,505,5205,6241,47,-183,-5,1968,-67,7992,-15,-17,-14,995,-1783,7856,0.22482892870903015,4.897360801696777,1.101068377494812,0.0
-18,-1,-10,205,328,8496,12,-11,-4,497,5194,6274,22,-48,-2,1957,-59,7892,2,-23,-18,964,-1829,7863,0.21994134783744812,4.897360801696777,1.0771321058273315,0.0
-24,3,-16,134,131,8480,13,-11,-3,519,5223,6248,-27,209,20,1700,-74,7970,23,-27,-22,980,-1794,7874,0.22482892870903015,4.887585639953613,1.0988706350326538,0.0
-19,0,-8,86,37,8470,9,-12,-3,508,5234,6277,-16,198,22,1313,-160,8144,-7,-19,-15,983,-1773,7869,0.22482892870903015,4.897360801696777,1.101068377494812,0.0
-21,-1,-2,101,93,8468,17,-13,-2,524,5233,6238,33,-89,3,1394,-143,8128,-5,-17,-14,976,-1793,7847,0.2688172161579132,4.848484992980957,1.3033562898635864,0.0
-18,-1,-3,162,241,8418,2,-12,-3,526,5199,6297,52,-240,-15,1773,-92,7991,8,-24,-22,979,-1805,7852,0.22971652448177338,4.887585639953613,1.122759222984314,0.0
-21,-2,-10,180,251,8455,13,-11,-3,543,5188,6270,21,-46,-3,1921,-68,7880,23,-26,-19,1002,-1786,7861,0.22971652448177338,4.887585639953613,1.122759222984314,0.0
-20,1,-13,162,141,8448,9,-10,-4,521,5212,6241,-33,255,17,1758,-78,8014,-1,-14,-15,988,-1773,7857,0.2346041053533554,4.887585639953613,1.1466476917266846,0.0
-21,0,-11,97,20,8424,16,-11,-2,494,5204,6237,-13,173,32,1312,-175,8156,-11,-12,-15,975,-1815,7876,0.22971652448177338,4.887585639953613,1.122759222984314,0.0
-24,-1,-4,94,50,8498,14,-12,-2,489,5227,6272,30,-100,-3,1266,-189,8189,5,-25,-21,962,-1826,7857,0.2346041053533554,4.887585639953613,1.1466476917266846,0.0
-20,-2,-1,161,167,8486,13,-17,-6,531,5212,6218,57,-296,-18,1709,-104,7985,15,-29,-17,1005,-1790,7839,0.22482892870903015,4.897360801696777,1.101068377494812,0.0
-19,-3,-9,190,253,8455,11,-14,-3,532,5182,6230,30,-68,-2,2035,-55,7834,0,-25,-18,1021,-1785,7843,0.22482892870903015,4.897360801696777,1.101068377494812,0.0
-17,1,-12,209,226,8496,6,-14,-1,511,5200,6262,-38,273,18,1721,-91,7996,2,-20,-18,996,-1795,7842,0.22482892870903015,4.887585639953613,1.0988706350326538,0.0
-22,-1,-14,115,103,8481,16,-8,-1,538,5201,6219,-6,134,25,1354,-172,8164,11,-29,-18,987,-1781,7873,0.22482892870903015,4.897360801696777,1.101068377494812,0.0
-20,-2,-11,83,80,8488,15,-10,-1,529,5202,6229,46,-190,-7,1346,-143,8137,3,-17,-18,978,-1787,7886,0.22482892870903015,4.887585639953613,1.0988706350326538,0.0
-20,0,-7,100,119,8456,11,-12,-3,513,5217,6239,51,-151,-6,1690,-66,7984,-1,-14,-16,983,-1795,7873,0.22482892870903015,4.887585639953613,1.0988706350326538,0.0
-20,-1,-5,118,133,8489,11,-12,-3,518,5194,6260,9,33,13,1785,-61,7938,6,-15,-18,989,-1808,7856,0.22482892870903015,4.897360801696777,1.101068377494812,0.0
-18,-3,-10,112,169,8461,9,-13,-4,514,5177,6256,-9,168,11,1573,-104,8045,14,-21,-13,986,-1819,7832,0.24437928199768066,4.887585639953613,1.1944246292114258,0.0
-20,-1,-10,120,149,8446,11,-11,-3,510,5187,6285,16,1,8,1464,-157,8118,10,-24,-19,989,-1805,7847,0.21994134783744812,4.897360801696777,1.0771321058273315,0.0
-21,-3,-11,146,145,8501,14,-12,-2,510,5202,6256,37,-127,1,1590,-141,8029,13,-23,-17,981,-1785,7858,0.22482892870903015,4.897360801696777,1.101068377494812,0.0
-20,0,-10,175,178,8467,10,-12,-2,513,5213,6220,23,-41,2,1727,-116,7968,6,-18,-17,991,-1787,7878,0.22482892870903015,4.897360801696777,1.101068377494812,0.0
-19,2,-10,140,178,8462,11,-12,-4,519,5234,6265,6,78,8,1711,-104,7990,3,-20,-21,996,-1794,7870,0.22482892870903015,4.897360801696777,1.101068377494812,0.0
-20,-1,-11,161,153,8514,11,-11,-2,530,5227,6255,-4,98,8,1544,-145,8054,3,-19,-15,993,-1796,7839,0.22482892870903015,4.887585639953613,1.0988706350326538,0.0
-22,-5,-10,131,106,8459,16,-14,-3,537,5207,6313,22,-38,1,1487,-150,8076,6,-18,-17,993,-1801,7833,0.22482892870903015,4.887585639953613,1.0988706350326538,0.0
-24,-1,-11,102,94,8464,29,-14,-3,537,5210,6242,27,-86,1,1612,-101,8029,10,-24,-18,990,-1799,7822,0.22482892870903015,4.887585639953613,1.0988706350326538,0.0
-22,-2,-8,123,142,8456,16,-10,-1,496,5205,6239,15,12,6,1668,-89,8000,0,-18,-16,988,-1798,7848,0.22971652448177338,4.887585639953613,1.122759222984314,0.0
-21,-2,-7,103,154,8480,2,-10,-2,502,5231,6254,6,57,8,1628,-94,8025,5,-23,-18,965,-1808,7880,0.2639296054840088,4.838709354400635,1.277078628540039,0.0
-21,0,-10,105,166,8459,7,-12,-3,513,5220,6288,17,11,8,1560,-87,8069,8,-24,-20,969,-1803,7883,0.22482892870903015,4.887585639953613,1.0988706350326538,0.0
-22,0,-8,124,154,8479,17,-14,-3,514,5203,6253,27,-58,6,1605,-71,8033,13,-23,-21,988,-1802,7880,0.22482892870903015,4.887585639953613,1.0988706350326538,0.0
-23,0,-10,90,136,8449,12,-12,-3,521,5220,6247,18,-26,6,1660,-72,7989,7,-18,-18,993,-1794,7839,0.22482892870903015,4.897360801696777,1.101068377494812,0.0
-19,0,-6,126,142,8465,10,-13,-4,518,5210,6263,10,56,9,1655,-84,8020,1,-22,-16,1000,-1786,7840,0.23949168622493744,4.887585639953613,1.1705361604690552,0.0
-20,0,-8,151,141,8469,8,-11,-2,515,5193,6243,7,34,11,1589,-136,8054,8,-21,-17,995,-1801,7841,0.21994134783744812,4.897360801696777,1.0771321058273315,0.0
-16,-1,-8,151,205,8468,13,-13,-3,534,5229,6237,24,-62,7,1603,-119,8025,14,-25,-17,988,-1807,7845,0.22482892870903015,4.897360801696777,1.101068377494812,0.0
-21,0,-8,145,152,8487,3,-9,-3,496,5227,6266,19,-28,3,1639,-110,8018,24,-27,-21,984,-1849,7874,0.22482892870903015,4.907135963439941,1.1032661199569702,0.0
-21,-2,-6,151,111,8455,25,-13,-4,508,5221,6255,8,31,10,1590,-141,8012,9,-18,-21,973,-1804,7872,0.21994134783744812,4.897360801696777,1.0771321058273315,0.0
-19,1,-7,157,111,8465,21,-18,-11,518,5229,6210,9,27,6,1578,-129,8051,-44,9,-12,983,-1764,7870,0.22482892870903015,4.897360801696777,1.101068377494812,0.0
-22,2,-8,139,125,8455,12,-12,-2,511,5212,6275,18,-21,7,1562,-133,8059,-44,10,-6,991,-1799,7871,0.22482892870903015,4.897360801696777,1.101068377494812,0.0
-20,-1,-5,128,160,8438,7,-13,-2,532,5225,6231,25,-58,5,1622,-117,8012,-45,15,-6,992,-1750,7848,0.21994134783744812,4.897360801696777,1.0771321058273315,0.0
-20,0,-9,162,185,8475,8,-12,-2,536,5175,6285,21,-15,3,1711,-90,7991,-64,12,-6,933,-1783,7901,0.21994134783744812,4.897360801696777,1.0771321058273315,0.0
-20,-1,-9,125,184,8474,18,-11,-5,521,5222,6240,7,38,7,1696,-84,8003,48,1,-45,914,-1959,7948,0.21994134783744812,4.897360801696777,1.0771321058273315,0.0
-21,-1,-11,123,161,8468,13,-11,-2,529,5207,6252,7,38,7,1582,-81,8040,96,-17,-17,1017,-1743,7840,0.2492668628692627,4.868035316467285,1.21343994140625,0.0
-23,1,-9,87,129,8470,8,-13,-2,505,5234,6211,19,-11,4,1523,-82,8047,-25,5,-13,933,-1717,7847,0.22482892870903015,4.897360801696777,1.101068377494812,0.0
-22,-2,-5,87,110,8469,16,-13,-2,502,5219,6269,19,-18,10,1549,-88,8036,-67,-27,1,998,-1835,7849,0.21994134783744812,4.897360801696777,1.0771321058273315,0.0
-19,-3,-3,125,142,8430,7,-12,-3,488,5223,6193,13,4,8,1601,-90,8026,49,-2,-24,901,-1882,7872,0.22482892870903015,4.887585639953613,1.0988706350326538,0.0
-20,-1,-7,158,159,8451,3,-12,-2,514,5205,6236,20,-6,10,1646,-108,8027,38,-61,-26,994,-1762,7861,0.21994134783744812,4.887585639953613,1.0749821662902832,0.0
-20,-2,-8,166,195,8477,5,-10,-2,550,5199,6226,17,-3,6,1667,-118,8027,-13,14,-9,1051,-1751,7847,0.22971652448177338,4.868035316467285,1.1182681322097778,0.0
-20,-1,-9,164,155,8444,10,-13,-2,524,5192,6258,11,5,5,1628,-140,8023,-47,-8,-9,915,-1856,7858,0.22971652448177338,4.887585639953613,1.122759222984314,0.0
-20,1,-7,173,122,8456,10,-13,-3,492,5205,6249,16,8,10,1595,-142,8048,26,-29,-22,963,-1847,7880,0.23949168622493744,4.887585639953613,1.1705361604690552,0.0
-20,1,-8,171,126,8480,13,-13,-2,488,5234,6244,15,-1,8,1588,-136,8053,35,-35,-23,968,-1788,7868,0.22971652448177338,4.887585639953613,1.122759222984314,0.0
-22,-1,-6,152,114,8469,6,-15,-1,517,5196,6233,18,-13,7,1579,-140,8038,0,-10,-14,1003,-1783,7846,0.23949168622493744,4.877810478210449,1.1681950092315674,0.0
-21,0,-8,104,157,8481,13,-13,-2,508,5216,6242,16,-14,3,1608,-110,8038,-17,-15,-11,983,-1835,7845,0.21994134783744812,4.897360801696777,1.0771321058273315,0.0
-20,-1,-9,138,151,8465,13,-13,-1,528,5210,6253,15,1,3,1630,-105,8020,23,-29,-14,979,-1831,7843,0.22971652448177338,4.858260154724121,1.1160225868225098,0.0
-21,1,-8,104,160,8479,9,-12,-2,514,5197,6295,16,7,8,1600,-76,8011,17,-29,-20,965,-1795,7857,0.22482892870903015,4.897360801696777,1.101068377494812,0.0
-19,-1,-7,110,173,8460,13,-12,-3,534,5202,6239,18,-10,10,1629,-76,8021,1,-24,-20,975,-1764,7860,0.22482892870903015,4.887585639953613,1.0988706350326538,0.0
-20,-2,-7,129,178,8486,12,-9,-3,491,5215,6234,19,-12,9,1642,-76,8017,-14,-12,-15,970,-1801,7845,0.22482892870903015,4.897360801696777,1.101068377494812,0.0
-20,1,-7,147,184,8479,7,-13,-1,521,5221,6275,13,10,8,1649,-96,8020,14,-22,-17,961,-1820,7832,0.21994134783744812,4.887585639953613,1.0749821662902832,0.0
-19,1,-8,128,145,8495,11,-11,0,515,5204,6251,14,21,6,1617,-116,8031,8,-31,-16,989,-1811,7849,0.21994134783744812,4.877810478210449,1.0728322267532349,0.0
-19,-1,-10,138,137,8481,9,-12,-1,486,5192,6250,10,12,8,1573,-133,8049,-13,-18,-13,973,-1805,7868,0.22482892870903015,4.897360801696777,1.101068377494812,0.0
-20,-2,-8,163,119,8466,11,-13,-2,540,5206,6238,18,-14,6,1573,-140,8040,-12,-17,-15,948,-1833,7871,0.22482892870903015,4.897360801696777,1.101068377494812,0.0
-18,0,-8,152,149,8497,11,-11,-3,503,5222,6224,22,-16,6,1631,-119,8029,18,-24,-21,955,-1811,7887,0.21994134783744812,4.897360801696777,1.0771321058273315,0.0
-21,0,-9,150,154,8465,10,-11,-3,524,5220,6233,13,4,6,1643,-125,8026,13,-24,-18,976,-1782,7877,0.22482892870903015,4.897360801696777,1.101068377494812,0.0
-18,0,-8,144,147,8455,11,-10,-2,523,5201,6233,15,3,6,1614,-107,8030,3,-15,-20,977,-1809,7850,0.22971652448177338,4.897360801696777,1.1250046491622925,0.0
-20,1,-9,120,153,8488,10,-13,-1,545,5202,6241,19,-9,4,1616,-111,8026,15,-25,-15,975,-1808,7852,0.22482892870903015,4.897360801696777,1.101068377494812,0.0
-21,-1,-8,107,137,8460,12,-11,-4,514,5212,6219,14,-1,5,1615,-111,8016,7,-24,-16,983,-1790,7841,0.22482892870903015,4.838709354400635,1.0878818035125732,0.0
-20,0,-7,126,162,8475,11,-10,-1,522,5209,6246,17,-4,5,1609,-98,8030,2,-25,-17,974,-1805,7828,0.21994134783744812,4.897360801696777,1.0771321058273315,0.0
-23,0,-9,121,148,8496,10,-14,-1,509,5204,6276,15,7,9,1619,-102,8048,-1,-20,-14,948,-1815,7894,0.21994134783744812,4.907135963439941,1.0792820453643799,0.0
-20,0,-8,145,153,8489,13,-10,-2,517,5197,6239,12,0,3,1610,-109,8026,3,-22,-20,942,-1811,7893,0.27370479702949524,4.887585639953613,1.3377556800842285,0.0
-22,-1,-8,130,154,8490,10,-13,-3,494,5210,6254,17,-10,5,1630,-113,8039,6,-23,-21,941,-1808,7888,0.21994134783744812,4.907135963439941,1.0792820453643799,0.0
-20,0,-9,136,168,8500,12,-12,-3,512,5223,6232,23,0,7,1643,-118,8030,9,-22,-21,986,-1819,7865,0.21994134783744812,4.897360801696777,1.0771321058273315,0.0
-20,-1,-9,128,173,8448,10,-13,-2,523,5215,6260,15,10,5,1622,-113,8016,6,-20,-17,995,-1813,7840,0.21994134783744812,4.897360801696777,1.0771321058273315,0.0
-20,-1,-9,151,141,8431,8,-13,-2,511,5205,6227,16,7,6,1589,-109,8035,7,-20,-17,984,-1812,7847,0.21994134783744812,4.897360801696777,1.0771321058273315,0.0
-20,2,-8,135,144,8456,13,-11,-1,532,5223,6255,18,0,6,1597,-109,8022,2,-22,-16,977,-1808,7856,0.23949168622493744,4.907135963439941,1.1752182245254517,0.0
-20,-2,-8,145,116,8465,15,-12,-3,521,5193,6261,15,-8,6,1608,-116,8018,9,-22,-17,966,-1792,7853,0.22482892870903015,4.897360801696777,1.101068377494812,0.0
-20,0,-7,130,135,8473,13,-12,-3,494,5214,6253,18,-8,5,1618,-112,8031,3,-23,-21,970,-1805,7875,0.22482892870903015,4.897360801696777,1.101068377494812,0.0
-19,1,-8,134,151,8475,13,-10,-4,497,5199,6228,13,5,5,1634,-101,8014,2,-19,-19,972,-1806,7861,0.22482892870903015,4.887585639953613,1.0988706350326538,0.0
-21,0,-9,127,163,8456,12,-12,-3,513,5213,6277,8,1,10,1609,-93,8027,0,-15,-18,970,-1797,7857,0.2346041053533554,4.887585639953613,1.1466476917266846,0.0
-20,-1,-7,124,159,8441,9,-11,-1,529,5200,6267,21,-12,7,1609,-91,8035,15,-26,-15,976,-1813,7843,0.2688172161579132,4.828934192657471,1.2981005907058716,0.0
-21,-1,-8,125,165,8470,12,-13,-2,543,5214,6247,18,-2,7,1632,-100,8026,15,-27,-12,984,-1807,7874,0.22482892870903015,4.897360801696777,1.101068377494812,0.0
-20,0,-8,129,158,8425,7,-12,-1,505,5217,6269,13,10,5,1600,-106,8024,0,-22,-21,946,-1812,7889,0.22482892870903015,4.887585639953613,1.0988706350326538,0.0
-21,0,-8,152,145,8459,13,-12,-1,538,5203,6292,16,6,6,1591,-123,8036,3,-22,-20,950,-1798,7902,0.22971652448177338,4.897360801696777,1.1250046491622925,0.0
-20,1,-6,132,151,8475,11,-11,-2,503,5216,6235,15,-5,7,1608,-110,8033,2,-22,-22,976,-1795,7888,0.21994134783744812,4.887585639953613,1.0749821662902832,0.0
-19,-1,-6,157,156,8463,10,-13,-3,524,5213,6239,15,-6,9,1604,-123,8028,7,-15,-20,991,-1817,7828,0.22482892870903015,4.887585639953613,1.0988706350326538,0.0
-20,0,-7,144,135,8480,8,-10,-3,519,5204,6223,18,-6,8,1638,-116,8023,11,-21,-12,999,-1822,7815,0.22971652448177338,4.887585639953613,1.122759222984314,0.0
-20,-1,-7,128,137,8487,11,-13,-3,519,5207,6238,11,8,7,1632,-106,8022,10,-24,-12,1000,-1821,7823,0.22482892870903015,4.887585639953613,1.0988706350326538,0.0
-21,-1,-9,148,158,8477,12,-12,1,514,5198,6232,12,-5,4,1614,-103,8032,3,-25,-15,961,-1819,7849,0.25904202461242676,4.848484992980957,1.2559614181518555,0.0
-21,0,-8,114,164,8469,12,-10,-2,526,5224,6236,18,-11,8,1633,-96,8025,1,-23,-15,948,-1797,7881,0.22971652448177338,4.897360801696777,1.1250046491622925,0.0
-20,-1,-7,122,161,8449,11,-12,-2,512,5208,6245,12,0,8,1622,-100,8027,4,-16,-22,956,-1796,7872,0.22971652448177338,4.877810478210449,1.120513677597046,0.0
-20,0,-8,142,139,8451,10,-11,-2,515,5229,6283,17,6,7,1613,-104,8033,3,-19,-21,959,-1796,7877,0.2346041053533554,4.887585639953613,1.1466476917266846,0.0
-20,-2,-7,108,147,8472,12,-12,-2,520,5208,6249,12,1,5,1610,-107,8035,-1,-17,-17,994,-1803,7873,0.2346041053533554,4.887585639953613,1.1466476917266846,0.0
-23,1,-8,162,130,8463,10,-12,0,514,5190,6248,11,-4,5,1605,-114,8027,7,-17,-16,997,-1818,7824,0.2639296054840088,4.858260154724121,1.2822387218475342,0.0
-20,-1,-8,124,144,8483,10,-13,-2,498,5200,6271,18,-4,6,1616,-113,8022,5,-22,-12,981,-1832,7813,0.22482892870903015,4.887585639953613,1.0988706350326538,0.0
-20,-1,-8,173,150,8461,10,-12,-1,518,5200,6243,15,7,5,1621,-119,8023,9,-23,-11,975,-1831,7847,0.22482892870903015,4.897360801696777,1.101068377494812,0.0
-22,1,-9,119,149,8466,15,-13,-3,529,5214,6279,16,4,6,1597,-112,8029,8,-24,-13,948,-1817,7868,0.21994134783744812,4.897360801696777,1.0771321058273315,0.0
-21,0,-8,132,125,8438,11,-14,-3,553,5239,6259,19,-8,5,1609,-113,8031,4,-26,-17,968,-1805,7879,0.22482892870903015,4.897360801696777,1.101068377494812,0.0
-21,-1,-8,132,153,8488,10,-13,-3,534,5201,6228,19,-10,6,1615,-86,8027,18,-18,-20,968,-1791,7864,0.21994134783744812,4.877810478210449,1.0728322267532349,0.0
-21,0,-9,128,171,8464,12,-11,-4,532,5215,6226,15,0,8,1623,-95,8031,5,-22,-18,991,-1792,7839,0.21994134783744812,4.897360801696777,1.0771321058273315,0.0
-19,-2,-10,133,166,8482,12,-13,-3,509,5211,6240,14,3,3,1626,-108,8021,3,-18,-15,983,-1813,7846,0.22482892870903015,4.887585639953613,1.0988706350326538,0.0
-20,-2,-9,151,165,8494,11,-12,-3,499,5215,6237,13,1,7,1621,-107,8033,2,-26,-14,970,-1813,7867,0.27859237790107727,4.848484992980957,1.3507509231567383,0.0
-22,0,-8,138,137,8457,10,-14,-3,533,5205,6233,14,-1,6,1610,-119,8021,-2,-20,-18,964,-1811,7877,0.22482892870903015,4.897360801696777,1.101068377494812,0.0
-19,2,-8,156,154,8445,10,-12,-3,507,5202,6245,20,-6,5,1607,-113,8021,-6,-20,-18,956,-1828,7877,0.22482892870903015,4.897360801696777,1.101068377494812,0.0
-20,-1,-9,152,126,8448,12,-11,-4,506,5225,6251,16,2,9,1632,-109,8030,8,-19,-18,970,-1819,7883,0.22482892870903015,4.897360801696777,1.101068377494812,0.0
-20,0,-8,135,147,8443,13,-13,-2,531,5189,6216,11,1,5,1616,-118,8024,18,-25,-22,972,-1800,7832,0.22482892870903015,4.897360801696777,1.101068377494812,0.0
-19,-2,-7,126,147,8497,10,-13,-4,537,5216,6264,17,-5,3,1596,-99,8046,18,-26,-15,986,-1789,7835,0.24437928199768066,4.868035316467285,1.1896469593048096,0.0
-20,-1,-9,156,172,8434,12,-13,-2,545,5211,6242,23,-8,7,1624,-108,8034,9,-18,-12,994,-1796,7818,0.21994134783744812,4.897360801696777,1.0771321058273315,0.0
-20,-1,-8,141,154,8464,12,-11,-3,525,5202,6271,16,-1,6,1617,-98,8034,8,-17,-10,964,-1815,7842,0.22482892870903015,4.897360801696777,1.101068377494812,0.0
-21,0,-8,126,158,8462,13,-12,-4,520,5205,6260,14,3,6,1624,-98,8030,-2,-26,-13,948,-1802,7888,0.2346041053533554,4.887585639953613,1.1466476917266846,0.0
-22,-2,-8,145,163,8450,13,-13,-2,485,5228,6240,10,2,8,1598,-105,8028,3,-21,-20,950,-1796,7877,0.22482892870903015,4.897360801696777,1.101068377494812,0.0
-21,0,-7,98,178,8486,13,-12,-1,506,5221,6269,16,-2,7,1602,-102,8032,0,-16,-17,964,-1808,7861,0.22482892870903015,4.897360801696777,1.101068377494812,0.0
-20,0,-9,164,134,8443,9,-11,-4,514,5225,6223,17,-7,7,1620,-114,8019,5,-20,-18,982,-1823,7856,0.22971652448177338,4.887585639953613,1.122759222984314,0.0
-23,-1,-8,164,149,8453,9,-12,-3,495,5191,6265,11,6,7,1628,-109,8035,17,-19,-18,990,-1821,7836,0.22482892870903015,4.897360801696777,1.101068377494812,0.0
-22,-1,-8,156,154,8480,12,-12,-2,521,5196,6240,16,1,6,1609,-113,8028,9,-26,-14,982,-1805,7844,0.2834799587726593,4.838709354400635,1.3716771602630615,0.0
-20,0,-8,159,135,8465,9,-11,-4,525,5232,6233,17,-7,6,1619,-111,8030,0,-23,-14,965,-1808,7878,0.22482892870903015,4.887585639953613,1.0988706350326538,0.0
-20,-2,-8,120,139,8461,14,-11,-3,533,5215,6211,15,1,6,1610,-102,8046,6,-21,-20,965,-1796,7866,0.22482892870903015,4.887585639953613,1.0988706350326538,0.0
-21,0,-8,115,165,8458,9,-13,-4,515,5207,6289,16,3,7,1602,-99,8028,6,-22,-17,961,-1812,7856,0.22482892870903015,4.868035316467285,1.0944751501083374,0.0
-20,0,-6,119,165,8474,11,-11,-3,522,5203,6235,16,-4,7,1614,-98,8034,2,-24,-16,980,-1804,7845,0.21994134783744812,4.887585639953613,1.0749821662902832,0.0
-20,2,-8,149,163,8434,8,-11,-3,527,5198,6242,20,0,7,1625,-112,8033,4,-19,-16,990,-1823,7843,0.25904202461242676,4.858260154724121,1.2584935426712036,0.0
-18,-3,-9,159,159,8456,13,-9,-3,528,5216,6271,15,0,5,1615,-113,8017,9,-19,-12,971,-1816,7838,0.22482892870903015,4.887585639953613,1.0988706350326538,0.0
-20,-1,-9,151,151,8453,7,-10,-2,515,5195,6242,13,2,6,1614,-118,8027,12,-25,-13,972,-1819,7876,0.22482892870903015,4.897360801696777,1.101068377494812,0.0
-20,1,-9,145,156,8481,9,-13,-2,486,5210,6227,13,4,7,1595,-121,8029,1,-16,-17,947,-1813,7879,0.22482892870903015,4.897360801696777,1.101068377494812,0.0
-22,-1,-8,145,152,8488,11,-12,-2,508,5212,6246,19,-7,7,1602,-102,8036,-2,-24,-21,960,-1819,7881,0.2834799587726593,4.838709354400635,1.3716771602630615,0.0
-23,-2,-6,148,149,8466,12,-11,-1,515,5230,6244,17,-6,9,1621,-105,8032,14,-27,-21,973,-1796,7863,0.2541544437408447,4.868035316467285,1.2372328042984009,0.0
-22,-1,-7,136,150,8479,12,-9,-3,526,5217,6226,18,1,9,1622,-107,8024,10,-21,-19,992,-1790,7843,0.22482892870903015,4.887585639953613,1.0988706350326538,0.0
-21,-1,-6,135,139,8494,10,-11,-2,511,5227,6249,16,-2,7,1615,-108,8033,6,-22,-15,977,-1776,7854,0.21994134783744812,4.897360801696777,1.0771321058273315,0.0
-19,-2,-6,162,156,8466,11,-13,-4,529,5191,6293,14,-2,7,1623,-107,8038,11,-22,-14,990,-1811,7852,0.28836753964424133,4.877810478210449,1.4066022634506226,0.0
-23,1,-8,135,140,8476,12,-12,-3,510,5210,6246,13,2,3,1615,-120,8028,-1,-20,-16,980,-1790,7835,0.22482892870903015,4.887585639953613,1.0988706350326538,0.0
-23,0,-8,160,120,8458,10,-12,-2,491,5204,6255,13,2,7,1606,-117,8029,-10,-20,-14,963,-1821,7859,0.22971652448177338,4.887585639953613,1.122759222984314,0.0
-21,1,-9,180,135,8456,13,-11,-3,489,5187,6233,8,1,6,1599,-120,8034,-1,-20,-16,967,-1838,7870,0.2346041053533554,4.887585639953613,1.1466476917266846,0.0
-20,-1,-8,157,147,8483,15,-13,-3,500,5222,6296,18,-3,6,1601,-117,8039,14,-21,-19,961,-1824,7854,0.23949168622493744,4.887585639953613,1.1705361604690552,0.0
-22,0,-6,164,156,8453,9,-11,-5,506,5191,6239,21,-8,5,1620,-116,8035,10,-25,-22,981,-1807,7862,0.2639296054840088,4.838709354400635,1.277078628540039,0.0
-20,2,-9,132,189,8491,9,-14,-2,514,5214,6296,17,-5,4,1630,-86,8032,17,-22,-18,989,-1805,7841,0.22482892870903015,4.887585639953613,1.0988706350326538,0.0
-19,1,-10,116,174,8501,10,-12,-1,500,5204,6230,17,5,7,1616,-67,8030,6,-21,-17,971,-1803,7857,0.22971652448177338,4.887585639953613,1.122759222984314,0.0
-23,0,-9,99,159,8479,12,-11,-3,512,5196,6270,12,9,7,1584,-80,8014,10,-22,-16,979,-1792,7853,0.22482892870903015,4.887585639953613,1.0988706350326538,0.0
-20,0,-7,90,149,8503,12,-12,-2,541,5234,6285,15,0,3,1581,-78,8046,-5,-18,-16,970,-1787,7865,0.21994134783744812,4.877810478210449,1.0728322267532349,0.0
-18,-3,-8,145,161,8412,14,-7,-2,509,5206,6256,17,-15,7,1619,-90,8006,5,-21,-19,974,-1792,7849,0.24437928199768066,4.877810478210449,1.1920357942581177,0.0
-20,-2,-7,177,182,8433,8,-13,-4,520,5196,6235,12,-2,6,1672,-125,8025,10,-20,-19,987,-1803,7852,0.22482892870903015,4.887585639953613,1.0988706350326538,0.0
-23,0,-8,132,168,8490,11,-13,-2,525,5195,6224,5,22,10,1611,-124,8027,6,-23,-14,981,-1813,7860,0.22482892870903015,4.887585639953613,1.0988706350326538,0.0
-20,-1,-10,133,139,8457,11,-12,-3,511,5217,6270,18,13,5,1577,-125,8035,-4,-18,-15,980,-1819,7831,0.23949168622493744,4.887585639953613,1.1705361604690552,0.0
-21,0,-8,163,136,8464,11,-13,-2,487,5214,6259,19,-12,6,1592,-138,8041,-4,-15,-13,949,-1839,7856,0.22482892870903015,4.897360801696777,1.101068377494812,0.0
-20,0,-7,141,142,8440,9,-10,-2,502,5217,6255,19,-18,7,1615,-128,8029,16,-28,-15,961,-1828,7856,0.22482892870903015,4.897360801696777,1.101068377494812,0.0
-20,-2,-7,131,157,8488,12,-12,-2,495,5206,6240,16,0,6,1617,-111,8012,13,-24,-19,969,-1802,7871,0.22971652448177338,4.887585639953613,1.122759222984314,0.0
-22,0,-8,132,145,8444,10,-12,-2,520,5220,6252,14,12,6,1607,-103,8038,0,-23,-19,984,-1790,7876,0.22482892870903015,4.887585639953613,1.0988706350326538,0.0
-19,-1,-7,153,148,8504,12,-12,-1,545,5211,6236,15,0,6,1603,-101,8037,9,-16,-17,993,-1807,7854,0.25904202461242676,4.848484992980957,1.2559614181518555,0.0
-20,-1,-9,108,141,8481,14,-12,0,548,5202,6220,19,-19,5,1633,-100,8034,13,-21,-16,995,-1783,7840,0.22971652448177338,4.887585639953613,1.122759222984314,0.0
-22,-1,-7,115,159,8472,10,-13,-2,505,5212,6251,22,-6,5,1644,-92,8023,6,-15,-15,984,-1806,7830,0.22971652448177338,4.887585639953613,1.122759222984314,0.0
-20,-1,-8,120,166,8455,9,-11,-1,494,5197,6269,14,18,7,1628,-108,8035,5,-14,-12,955,-1822,7865,0.2492668628692627,4.897360801696777,1.2207497358322144,0.0
-21,-1,-10,120,135,8458,10,-11,-3,512,5230,6229,16,13,4,1579,-109,8044,0,-21,-14,945,-1823,7884,0.21994134783744812,4.897360801696777,1.0771321058273315,0.0
-22,-2,-8,123,110,8491,12,-14,-3,504,5215,6227,18,-9,6,1586,-108,8047,4,-22,-21,950,-1823,7887,0.2688172161579132,4.828934192657471,1.2981005907058716,0.0
-22,-2,-6,147,141,8467,13,-12,-3,513,5198,6228,19,-26,4,1612,-103,8039,9,-21,-21,986,-1803,7863,0.21994134783744812,4.897360801696777,1.0771321058273315,0.0
-20,0,-7,155,150,8458,14,-11,-4,506,5185,6277,15,-4,2,1632,-107,8007,15,-23,-20,982,-1790,7838,0.21994134783744812,4.897360801696777,1.0771321058273315,0.0
-22,-1,-7,143,166,8449,13,-13,-5,554,5231,6262,14,10,4,1633,-116,8029,5,-24,-16,992,-1804,7832,0.23949168622493744,4.897360801696777,1.1728771924972534,0.0
-21,-1,-8,141,176,8445,9,-14,-3,527,5190,6296,16,1,5,1603,-110,8036,6,-19,-10,995,-1801,7835,0.22482892870903015,4.897360801696777,1.101068377494812,0.0
-20,-1,-8,157,149,8454,10,-13,-2,554,5206,6251,17,-13,6,1613,-98,8034,6,-26,-15,962,-1824,7841,0.21994134783744812,4.897360801696777,1.0771321058273315,0.0
-20,-1,-9,121,142,8479,11,-10,0,508,5203,6235,15,-8,9,1608,-93,8037,5,-25,-16,964,-1808,7903,0.21994134783744812,4.897360801696777,1.0771321058273315,0.0
-20,0,-8,108,130,8456,9,-11,-1,516,5211,6238,15,15,8,1604,-96,8041,-7,-16,-16,959,-1811,7873,0.22482892870903015,4.897360801696777,1.101068377494812,0.0
-21,1,-7,135,140,8449,12,-14,-1,535,5219,6255,11,1,7,1593,-132,8046,5,-18,-23,962,-1809,7863,0.22482892870903015,4.838709354400635,1.0878818035125732,0.0
-22,-1,-8,130,166,8504,9,-13,-3,506,5224,6254,20,-17,4,1610,-100,8036,17,-19,-19,992,-1804,7840,0.22482892870903015,4.897360801696777,1.101068377494812,0.0
-20,2,-8,133,142,8492,12,-10,-5,562,5213,6220,15,-6,5,1644,-103,8030,28,-19,-12,1002,-1808,7834,0.22482892870903015,4.897360801696777,1.101068377494812,0.0
-20,-1,-6,141,120,8469,8,-9,-1,483,5206,6308,13,21,8,1580,-133,8047,6,-27,-9,991,-1804,7864,0.22971652448177338,4.897360801696777,1.1250046491622925,0.0
-21,0,-3,141,109,8497,10,-12,-1,522,5188,6247,15,13,6,1542,-95,8055,-2,-23,-16,954,-1817,7892,0.22482892870903015,4.897360801696777,1.101068377494812,0.0
-22,1,-2,145,145,8444,11,-13,-2,519,5219,6226,25,-26,6,1584,-97,8050,-3,-23,-16,958,-1806,7875,0.25904202461242676,4.868035316467285,1.2610256671905518,0.0
-22,-1,-3,146,189,8432,10,-14,0,553,5209,6221,20,-51,5,1690,-88,8011,-4,-21,-21,961,-1799,7868,0.22482892870903015,4.897360801696777,1.101068377494812,0.0
-19,0,-7,118,235,8489,9,-11,-3,509,5206,6263,21,-15,8,1724,-76,7982,4,-13,-25,991,-1805,7844,0.22971652448177338,4.897360801696777,1.1250046491622925,0.0
-18,1,-8,131,198,8486,14,-13,-3,491,5188,6262,4,47,5,1711,-82,8002,15,-19,-17,989,-1823,7818,0.22971652448177338,4.897360801696777,1.1250046491622925,0.0
-20,0,-10,117,152,8479,6,-13,-2,498,5192,6242,5,46,10,1591,-126,8057,17,-23,-12,982,-1811,7817,0.22971652448177338,4.897360801696777,1.1250046491622925,0.0
-19,0,-10,125,114,8470,12,-10,-3,463,5218,6274,16,-2,7,1515,-120,8063,11,-26,-8,966,-1819,7881,0.22971652448177338,4.887585639953613,1.122759222984314,0.0
-21,-1,-6,163,75,8437,10,-12,-2,540,5215,6215,20,-33,6,1571,-127,8038,2,-22,-11,944,-1792,7902,0.23949168622493744,4.868035316467285,1.1658539772033691,0.0
-20,-2,-5,169,118,8463,13,-14,-2,512,5235,6247,16,-8,6,1624,-134,8017,1,-22,-23,936,-1780,7924,0.2346041053533554,4.887585639953613,1.1466476917266846,0.0
-22,-3,-7,183,149,8426,12,-15,-1,557,5195,6241,16,7,4,1637,-110,8033,2,-15,-22,1002,-1778,7914,0.27370479702949524,4.858260154724121,1.3297290802001953,0.0
-19,1,-9,155,185,8506,12,-11,-1,521,5223,6202,18,0,7,1643,-108,8031,-4,-15,-20,1014,-1788,7803,0.22971652448177338,4.897360801696777,1.1250046491622925,0.0
-23,0,-9,129,174,8497,12,-12,-1,493,5198,6282,18,-12,7,1637,-106,8024,3,-19,-15,1007,-1823,7803,0.21994134783744812,4.887585639953613,1.0749821662902832,0.0
-22,-1,-7,120,156,8474,13,-10,-4,522,5194,6251,17,-2,4,1621,-92,8029,8,-25,-11,982,-1837,7820,0.21994134783744812,4.897360801696777,1.0771321058273315,0.0
-21,1,-8,119,117,8455,9,-11,-2,482,5191,6264,10,21,7,1592,-109,8027,11,-24,-11,942,-1829,7831,0.22482892870903015,4.897360801696777,1.101068377494812,0.0
-20,-1,-7,121,139,8483,11,-15,-1,524,5206,6238,18,-2,6,1578,-120,8040,8,-27,-15,941,-1814,7901,0.21994134783744812,4.887585639953613,1.0749821662902832,0.0
-21,2,-6,147,160,8467,12,-13,-3,508,5191,6282,19,-22,7,1606,-118,8025,3,-21,-22,950,-1802,7889,0.21994134783744812,4.897360801696777,1.0771321058273315,0.0
-20,-1,-6,150,165,8472,12,-12,-4,545,5218,6284,17,-10,6,1636,-110,8007,16,-26,-19,974,-1778,7864,0.22482892870903015,4.887585639953613,1.0988706350326538,0.0
-20,-1,-9,132,161,8462,10,-10,-2,536,5223,6264,19,11,4,1622,-111,8024,11,-20,-17,1004,-1784,7861,0.22971652448177338,4.887585639953613,1.122759222984314,0.0
-21,0,-9,140,155,8497,11,-9,-1,519,5210,6276,13,14,7,1597,-110,8029,5,-13,-16,995,-1792,7821,0.22482892870903015,4.897360801696777,1.101068377494812,0.0
-22,0,-9,119,153,8468,13,-12,-3,521,5223,6232,18,-7,4,1587,-105,8041,0,-19,-13,978,-1801,7836,0.21994134783744812,4.877810478210449,1.0728322267532349,0.0
-20,0,-8,132,139,8471,10,-14,-4,515,5185,6234,17,-17,6,1621,-109,8031,-2,-25,-15,969,-1829,7853,0.22482892870903015,4.897360801696777,1.101068377494812,0.0
-18,-1,-7,129,144,8492,11,-15,-2,502,5225,6228,16,5,8,1636,-102,8020,5,-23,-17,966,-1826,7867,0.22482892870903015,4.897360801696777,1.101068377494812,0.0
-20,-2,-6,154,164,8458,11,-14,-2,519,5216,6254,11,11,3,1624,-99,8027,3,-20,-19,959,-1818,7864,0.28836753964424133,4.887585639953613,1.4094210863113403,0.0
-20,0,-8,131,148,8508,13,-15,-3,508,5217,6229,17,-3,6,1596,-110,8042,7,-23,-19,973,-1816,7864,0.22482892870903015,4.897360801696777,1.101068377494812,0.0
-20,-3,-9,177,151,8439,14,-12,-2,501,5208,6261,19,-11,10,1595,-69,8017,13,-20,-17,988,-1797,7848,0.22971652448177338,4.897360801696777,1.1250046491622925,0.0
-15,1,-6,109,122,8532,12,-11,-2,518,5201,6219,29,15,13,1546,-96,8076,5,-23,-17,977,-1800,7857,0.21994134783744812,4.897360801696777,1.0771321058273315,0.0
-19,1,-5,75,153,8548,21,-13,-5,511,5215,6214,34,-16,9,1601,-111,8027,7,-21,-17,962,-1804,7863,0.22482892870903015,4.897360801696777,1.101068377494812,0.0
-20,0,-6,138,150,8483,-19,-26,-25,487,5208,6250,7,-13,1,1638,-130,7995,1,-23,-16,976,-1802,7859,0.22482892870903015,4.897360801696777,1.101068377494812,0.0
-20,-1,-9,177,197,8408,16,-12,-3,517,5189,6305,12,-18,3,1666,-71,8032,-5,-17,-16,975,-1787,7861,0.22482892870903015,4.897360801696777,1.101068377494812,0.0
-18,-1,-11,153,167,8492,8,-12,-1,530,5245,6149,-235,22,5,1661,-117,8008,8,-8,-20,987,-1838,7875,0.22971652448177338,4.897360801696777,1.1250046491622925,0.0
-18,-1,-10,166,133,8447,-110,-14,-2,507,5152,6421,12,42,12,1581,-100,8035,28,-19,-25,973,-1818,7838,0.22482892870903015,4.897360801696777,1.101068377494812,0.0
-20,-1,-5,136,123,8435,15,-29,-26,526,5152,6403,16,-4,8,1531,-129,8058,10,-42,-12,1006,-1780,7843,0.2346041053533554,4.897360801696777,1.148940920829773,0.0
-20,2,-5,82,147,8472,30,-19,-12,500,5222,6222,24,-47,6,1621,-71,8030,-15,-4,-11,977,-1826,7858,0.21994134783744812,4.897360801696777,1.0771321058273315,0.0
-20,1,-8,142,156,8515,11,-10,-4,517,5204,6226,17,-10,8,1665,-98,8000,4,-30,-16,927,-1833,7850,0.22482892870903015,4.897360801696777,1.101068377494812,0.0
-20,0,-9,161,151,8508,17,-13,-2,531,5206,6220,8,28,5,1642,-118,8015,18,-21,-18,970,-1821,7870,0.22482892870903015,4.897360801696777,1.101068377494812,0.0
-24,-3,-9,142,124,8481,7,-14,-3,512,5217,6224,12,17,8,1602,-119,8073,1,-21,-15,975,-1775,7852,0.21994134783744812,4.897360801696777,1.0771321058273315,0.0
-20,1,-10,134,132,8467,9,-10,-3,495,5192,6233,20,-8,5,1577,-113,8025,-10,-8,-13,987,-1826,7853,0.22482892870903015,4.887585639953613,1.0988706350326538,0.0
-19,-1,-9,139,159,8452,13,-12,-1,515,5209,6279,18,-34,2,1636,-121,8023,21,-29,-20,940,-1824,7850,0.21994134783744812,4.887585639953613,1.0749821662902832,0.0
-22,-1,-8,168,177,8498,12,-11,-2,489,5201,6260,19,1,9,1661,-91,8017,38,-35,-20,985,-1813,7861,0.2346041053533554,4.887585639953613,1.1466476917266846,0.0
-22,0,-8,163,145,8454,8,-11,-4,495,5192,6270,7,29,5,1618,-136,8013,-12,-7,-12,990,-1767,7842,0.21994134783744812,4.897360801696777,1.0771321058273315,0.0
-21,0,-8,118,157,8464,12,-13,-2,516,5191,6247,18,0,5,1605,-111,8054,-22,-12,-15,967,-1844,7869,0.2688172161579132,4.828934192657471,1.2981005907058716,0.0
-20,1,-9,116,147,8435,12,-11,-2,530,5188,6279,22,-21,6,1612,-116,8031,21,-29,-23,941,-1817,7871,0.21994134783744812,4.887585639953613,1.0749821662902832,0.0
-20,0,-8,96,152,8466,9,-12,-4,525,5215,6257,15,-10,5,1618,-88,8007,10,-25,-18,986,-1773,7873,0.22482892870903015,4.887585639953613,1.0988706350326538,0.0
-20,1,-8,128,136,8492,8,-11,-2,513,5213,6262,18,19,8,1604,-81,8011,-13,-7,-17,978,-1789,7860,0.22971652448177338,4.868035316467285,1.1182681322097778,0.0
-22,-1,-8,134,125,8443,15,-14,-2,496,5214,6284,8,15,6,1576,-121,8050,3,-14,-16,963,-1849,7856,0.22971652448177338,4.887585639953613,1.122759222984314,0.0
-20,-2,-8,120,131,8444,13,-11,-2,512,5220,6226,17,-12,7,1567,-96,8037,29,-29,-17,958,-1807,7830,0.22482892870903015,4.897360801696777,1.101068377494812,0.0
-20,1,-9,110,140,8484,11,-11,-3,487,5182,6226,27,-23,7,1605,-113,8038,1,-24,-14,989,-1804,7848,0.22482892870903015,4.887585639953613,1.0988706350326538,0.0
-22,1,-8,143,161,8490,9,-12,-3,515,5205,6241,19,0,3,1640,-89,8007,-12,-15,-11,958,-1820,7859,0.22482892870903015,4.877810478210449,1.0966728925704956,0.0
-20,-1,-7,120,175,8465,14,-11,-3,518,5209,6269,15,11,8,1626,-107,8014,3,-25,-20,949,-1827,7864,0.2346041053533554,4.877810478210449,1.1443543434143066,0.0
-22,1,-8,124,162,8441,8,-14,-4,528,5195,6238,15,2,4,1619,-120,8036,22,-26,-24,980,-1788,7878,0.22971652448177338,4.887585639953613,1.122759222984314,0.0
-20,1,-10,139,129,8498,10,-13,-1,510,5211,6260,17,-6,4,1629,-118,8026,-4,-16,-19,996,-1774,7849,0.21994134783744812,4.907135963439941,1.0792820453643799,0.0
-21,-1,-9,153,130,8453,13,-13,-1,534,5199,6242,16,4,9,1618,-119,8007,-10,-14,-15,982,-1804,7833,0.21994134783744812,4.897360801696777,1.0771321058273315,0.0
-20,1,-8,128,140,8466,14,-13,-3,527,5225,6243,16,8,7,1595,-116,8028,4,-21,-14,983,-1822,7841,0.21994134783744812,4.897360801696777,1.0771321058273315,0.0
-20,0,-7,137,124,8477,11,-13,-1,492,5199,6237,19,-7,6,1594,-105,8029,12,-30,-13,974,-1817,7837,0.2688172161579132,4.848484992980957,1.3033562898635864,0.0
-21,1,-8,126,173,8447,14,-10,-3,527,5206,6230,16,-16,4,1624,-90,8022,6,-20,-13,967,-1808,7863,0.22482892870903015,4.877810478210449,1.0966728925704956,0.0
-20,-1,-9,134,172,8493,10,-12,-3,503,5201,6272,19,-15,5,1646,-95,8024,1,-20,-17,954,-1817,7878,0.22482892870903015,4.897360801696777,1.101068377494812,0.0
-18,0,-7,137,183,8456,11,-12,-1,516,5207,6252,12,14,8,1636,-103,8017,14,-21,-21,956,-1798,7880,0.21994134783744812,4.897360801696777,1.0771321058273315,0.0
-21,-1,-8,160,147,8444,11,-11,-2,523,5203,6284,13,16,5,1603,-102,8035,7,-19,-17,993,-1785,7861,0.22482892870903015,4.897360801696777,1.101068377494812,0.0
-20,-2,-7,132,159,8468,8,-15,-4,527,5186,6257,20,-13,4,1586,-120,8038,6,-18,-15,992,-1802,7831,0.21994134783744812,4.887585639953613,1.0749821662902832,0.0
-19,0,-5,84,125,8452,9,-10,-1,529,5215,6260,17,-8,8,1605,-109,8017,10,-24,-12,983,-1803,7842,0.22482892870903015,4.828934192657471,1.085684061050415,0.0
-21,-1,-6,155,129,8480,10,-13,-1,528,5197,6276,17,0,7,1605,-113,8030,1,-27,-16,960,-1813,7862,0.21994134783744812,4.897360801696777,1.0771321058273315,0.0
-21,0,-6,143,126,8494,11,-11,-3,531,5223,6238,19,2,8,1622,-116,8033,4,-23,-16,956,-1817,7865,0.22971652448177338,4.897360801696777,1.1250046491622925,0.0
-19,1,-6,138,156,8473,11,-12,-3,506,5191,6294,15,1,5,1601,-93,8006,255,-17,-20,965,-1800,7858,0.22482892870903015,4.897360801696777,1.101068377494812,0.0
-21,1,-10,122,141,8406,12,-12,-3,518,5205,6266,21,-9,7,1586,-133,8024,5,-19,-16,976,-1803,7860,0.21994134783744812,4.897360801696777,1.0771321058273315,0.0
-20,1,-9,134,149,8437,11,-11,-3,486,5193,6257,13,-7,3,1635,-91,8021,8,-20,-18,987,-1830,7839,0.22971652448177338,4.887585639953613,1.122759222984314,0.0
-20,0,-8,116,152,8464,10,-13,-2,507,5201,6279,18,10,5,1617,-96,8043,9,-16,-15,972,-1808,7847,0.22482892870903015,4.887585639953613,1.0988706350326538,0.0
-21,-1,-8,115,146,8470,11,-12,0,507,5194,6221,16,5,6,1601,-115,8028,8,-21,-16,973,-1810,7859,0.22482892870903015,4.887585639953613,1.0988706350326538,0.0
-21,-1,-6,137,137,8454,10,-10,-4,500,5200,6229,15,-6,6,1616,-113,8027,5,-27,-19,971,-1797,7868,0.22482892870903015,4.897360801696777,1.101068377494812,0.0
-21,-3,-5,117,178,8444,11,-12,-1,499,5202,6273,18,-3,7,1621,-120,8017,2,-21,-20,961,-1797,7868,0.22482892870903015,4.887585639953613,1.0988706350326538,0.0
-20,-1,-7,141,162,8472,12,-14,-3,525,5216,6243,17,-7,7,1621,-118,8012,3,-21,-23,991,-1816,7891,0.22971652448177338,4.897360801696777,1.1250046491622925,0.0
-19,-3,-6,151,160,8430,13,-9,-3,539,5197,6270,12,7,9,1631,-102,8032,0,-18,-20,999,-1792,7841,0.21994134783744812,4.897360801696777,1.0771321058273315,0.0
-20,-2,-8,142,156,8481,10,-13,-1,511,5188,6256,14,4,9,1608,-100,8033,12,-21,-22,998,-1802,7814,0.21994134783744812,4.887585639953613,1.0749821662902832,0.0
-20,-2,-9,139,121,8485,10,-15,-4,520,5191,6283,17,-7,4,1604,-107,8026,5,-29,-9,995,-1819,7831,0.22482892870903015,4.897360801696777,1.101068377494812,0.0
-20,0,-7,111,134,8467,10,-12,-2,533,5184,6268,16,1,6,1607,-111,8024,5,-25,-14,959,-1818,7849,0.21994134783744812,4.897360801696777,1.0771321058273315,0.0
-20,-2,-5,139,134,8474,9,-12,-3,543,5195,6299,19,-1,5,1612,-111,8025,25,-34,-14,968,-1805,7891,0.22482892870903015,4.887585639953613,1.0988706350326538,0.0
-23,-2,-7,156,168,8477,4,-11,-2,589,5191,6293,19,-5,4,1619,-110,8025,38,-44,-21,996,-1759,7901,0.21994134783744812,4.887585639953613,1.0749821662902832,0.0
-21,1,-7,155,146,8497,18,-12,-2,509,5232,6313,14,-4,6,1630,-104,8024,-37,15,-12,930,-1722,7905,0.21994134783744812,4.897360801696777,1.0771321058273315,0.0
-19,1,-8,136,149,8473,15,-15,-6,403,5237,6225,21,1,8,1627,-105,8026,-98,15,-5,924,-1913,7842,0.22482892870903015,4.887585639953613,1.0988706350326538,0.0
-18,-1,-8,131,130,8426,7,-16,-6,478,5205,6242,14,2,6,1611,-116,8020,44,-32,-27,919,-1998,7817,0.22971652448177338,4.887585639953613,1.122759222984314,0.0
-18,0,-8,136,130,8492,9,-14,-2,513,5157,6314,17,4,8,1618,-104,8038,98,-72,-25,1010,-1849,7825,0.2346041053533554,4.887585639953613,1.1466476917266846,0.0
-22,-2,-8,131,147,8449,13,-13,-3,516,5190,6280,19,-10,2,1611,-105,8037,47,-33,-21,1069,-1724,7837,0.22971652448177338,4.897360801696777,1.1250046491622925,0.0
-19,1,-9,127,142,8488,10,-13,-6,506,5210,6259,22,-11,4,1615,-109,8023,-48,1,-9,968,-1767,7879,0.22482892870903015,4.897360801696777,1.101068377494812,0.0
-22,-1,-9,126,117,8470,11,-14,-3,548,5208,6239,11,3,9,1623,-102,8031,3,-16,-15,939,-1808,7879,0.22482892870903015,4.897360801696777,1.101068377494812,0.0
-22,-1,-8,152,136,8440,15,-12,0,598,5252,6191,15,9,10,1598,-86,8021,58,-37,-27,960,-1751,7863,0.22482892870903015,4.897360801696777,1.101068377494812,0.0
-23,0,-7,143,144,8462,11,-9,0,523,5246,6212,17,-2,8,1607,-121,8033,-2,-19,-13,992,-1711,7869,0.22482892870903015,4.897360801696777,1.101068377494812,0.0
-20,-3,-8,152,137,8488,11,-10,-2,506,5216,6227,16,-10,3,1617,-145,8033,-75,11,-4,981,-1873,7842,0.22971652448177338,4.897360801696777,1.1250046491622925,0.0
-21,-1,-7,153,165,8433,6,-12,-3,501,5168,6298,18,-4,9,1620,-106,8017,5,-25,-17,961,-1953,7821,0.2346041053533554,4.897360801696777,1.148940920829773,0.0
-19,0,-7,144,141,8486,14,-10,-1,476,5141,6288,18,1,7,1628,-125,8022,51,-43,-23,1000,-1879,7839,0.22971652448177338,4.887585639953613,1.122759222984314,0.0
-21,0,-8,148,170,8470,12,-9,-4,470,5184,6256,15,9,6,1624,-114,8018,29,-19,-19,976,-1808,7844,0.2492668628692627,4.887585639953613,1.2183130979537964,0.0
-19,1,-9,121,143,8488,11,-15,-4,482,5222,6251,12,-1,7,1591,-132,8049,-18,-14,-17,941,-1807,7885,0.2541544437408447,4.868035316467285,1.2372328042984009,0.0
-19,0,-8,158,137,8493,12,-14,-3,558,5231,6188,16,-13,6,1611,-102,8036,22,-33,-22,942,-1809,7881,0.22482892870903015,4.897360801696777,1.101068377494812,0.0
-20,-1,-8,119,140,8429,9,-9,-2,559,5210,6236,17,4,8,1605,-83,8021,52,-43,-21,994,-1736,7868,0.22482892870903015,4.897360801696777,1.101068377494812,0.0
-19,0,-9,128,161,8480,11,-10,-2,564,5216,6226,21,0,4,1605,-99,8035,6,-21,-14,1028,-1723,7852,0.22971652448177338,4.887585639953613,1.122759222984314,0.0
-20,1,-8,137,167,8420,10,-10,0,549,5194,6256,18,-3,6,1610,-95,8026,-46,-1,-7,1011,-1805,7859,0.22482892870903015,4.897360801696777,1.101068377494812,0.0
-19,2,-6,120,150,8446,15,-11,-1,488,5179,6249,10,2,9,1615,-90,8033,-25,-16,-14,975,-1869,7845,0.22482892870903015,4.887585639953613,1.0988706350326538,0.0
-21,-2,-8,169,158,8483,10,-13,-4,459,5173,6295,21,-2,4,1626,-101,8031,8,-21,-20,951,-1869,7845,0.22971652448177338,4.887585639953613,1.122759222984314,0.0
-21,-1,-7,161,158,8457,15,-13,-3,465,5186,6294,16,0,7,1625,-107,8033,-1,-21,-19,920,-1855,7871,0.22482892870903015,4.887585639953613,1.0988706350326538,0.0
-21,-1,-8,153,136,8510,15,-14,-2,470,5238,6241,14,7,6,1609,-120,8040,10,-17,-19,939,-1836,7859,0.22482892870903015,4.887585639953613,1.0988706350326538,0.0
-19,1,-8,144,136,8443,8,-12,-2,527,5231,6218,19,-1,5,1598,-101,8037,40,-38,-22,977,-1801,7840,0.22482892870903015,4.897360801696777,1.101068377494812,0.0
-21,0,-8,110,142,8478,10,-13,-1,561,5210,6262,20,-3,8,1603,-127,8029,51,-40,-21,1017,-1753,7855,0.22971652448177338,4.887585639953613,1.122759222984314,0.0
-21,-1,-7,131,140,8468,11,-12,-2,590,5211,6242,13,1,6,1608,-104,8029,-5,-24,-15,1026,-1737,7864,0.22971652448177338,4.877810478210449,1.120513677597046,0.0
-19,0,-9,149,163,8455,13,-8,-2,540,5212,6241,15,-6,5,1609,-102,8022,-29,-8,-12,1009,-1761,7869,0.21994134783744812,4.887585639953613,1.0749821662902832,0.0
-21,3,-8,147,165,8481,13,-13,-3,506,5204,6247,14,0,6,1617,-124,8047,-22,-10,-11,945,-1815,7856,0.22482892870903015,4.897360801696777,1.101068377494812,0.0
-21,-1,-9,140,145,8481,12,-11,-3,481,5210,6236,13,-2,1,1613,-104,8034,-4,-9,-15,937,-1850,7845,0.22971652448177338,4.897360801696777,1.1250046491622925,0.0
-23,1,-8,113,142,8447,14,-10,-2,466,5207,6257,15,0,7,1603,-79,8023,5,-24,-15,951,-1863,7833,0.22971652448177338,4.887585639953613,1.122759222984314,0.0
-19,0,-9,123,135,8473,7,-9,-3,475,5196,6235,18,-4,7,1607,-94,8047,28,-27,-16,961,-1866,7841,0.22482892870903015,4.887585639953613,1.0988706350326538,0.0
-18,0,-10,135,155,8464,10,-13,-3,522,5174,6300,15,-1,8,1613,-90,8013,33,-38,-23,1004,-1813,7856,0.22482892870903015,4.887585639953613,1.0988706350326538,0.0
-20,1,-8,110,173,8486,9,-12,-2,552,5174,6301,16,-2,8,1622,-115,8027,28,-25,-20,998,-1769,7881,0.22482892870903015,4.887585639953613,1.0988706350326538,0.0
-21,1,-7,119,147,8456,13,-12,-3,545,5213,6279,14,-2,5,1614,-105,8036,-2,-16,-15,983,-1751,7886,0.22482892870903015,4.897360801696777,1.101068377494812,0.0
-20,0,-8,150,151,8482,17,-10,-3,539,5240,6207,19,0,8,1624,-109,8023,-18,-10,-11,962,-1769,7874,0.21994134783744812,4.887585639953613,1.0749821662902832,0.0
-20,-3,-7,141,150,8468,11,-13,-1,506,5217,6225,20,-2,6,1622,-111,8029,-13,-15,-13,957,-1802,7847,0.21994134783744812,4.897360801696777,1.0771321058273315,0.0
-21,0,-9,139,146,8484,11,-10,-3,518,5207,6254,8,3,6,1615,-105,8037,5,-22,-14,979,-1838,7846,0.21994134783744812,4.897360801696777,1.0771321058273315,0.0
-19,-1,-9,148,141,8456,10,-10,-2,491,5169,6291,16,6,7,1610,-119,8032,14,-27,-18,1005,-1836,7816,0.21994134783744812,4.897360801696777,1.0771321058273315,0.0
-19,-2,-10,149,143,8461,11,-14,-2,516,5171,6293,18,-10,3,1611,-115,8029,13,-26,-14,990,-1856,7839,0.22482892870903015,4.897360801696777,1.101068377494812,0.0
-17,-1,-11,145,159,8463,15,-13,-2,541,5184,6253,14,-2,4,1635,-106,8030,12,-25,-17,960,-1824,7858,0.22482892870903015,4.887585639953613,1.0988706350326538,0.0
-21,-1,-11,148,148,8484,14,-13,-3,527,5201,6242,18,2,5,1611,-125,8024,16,-20,-17,952,-1780,7866,0.22971652448177338,4.897360801696777,1.1250046491622925,0.0
-19,1,-11,126,142,8483,12,-13,-3,516,5230,6239,17,0,5,1602,-104,8032,-5,-20,-17,951,-1770,7878,0.21994134783744812,4.897360801696777,1.0771321058273315,0.0
-19,-1,-7,124,163,8482,12,-12,-4,556,5237,6238,15,-6,7,1596,-98,8036,-2,-18,-20,962,-1783,7870,0.22482892870903015,4.868035316467285,1.0944751501083374,0.0
-21,1,-8,140,176,8485,11,-10,-4,533,5208,6240,23,-23,6,1627,-90,8015,15,-27,-16,994,-1798,7843,0.25904202461242676,4.897360801696777,1.2686222791671753,0.0
-22,0,-9,119,179,8485,9,-11,-1,507,5188,6274,20,-7,4,1654,-82,8001,7,-24,-17,1001,-1820,7837,0.22482892870903015,4.897360801696777,1.101068377494812,0.0
-22,0,-9,107,158,8428,31,-12,-4,500,5194,6250,9,26,8,1596,-95,8038,-2,-18,-14,994,-1824,7834,0.22482892870903015,4.887585639953613,1.0988706350326538,0.0
-21,0,-6,87,156,8420,-3,-11,-1,482,5208,6273,19,-2,6,1571,-84,8041,-10,-16,-14,954,-1836,7851,0.22482892870903015,4.887585639953613,1.0988706350326538,0.0
-24,1,-4,111,168,8474,19,-12,-3,488,5226,6246,26,-21,12,1605,-80,8023,-1,-21,-20,944,-1833,7871,0.22482892870903015,4.887585639953613,1.0988706350326538,0.0
-20,2,-8,127,132,8441,7,-12,-4,493,5205,6263,13,2,5,1634,-100,8017,17,-22,-17,948,-1810,7854,0.22482892870903015,4.887585639953613,1.0988706350326538,0.0
-16,-2,-9,167,133,8470,13,-14,0,527,5216,6232,10,23,6,1603,-136,8020,13,-20,-15,997,-1790,7849,0.22482892870903015,4.897360801696777,1.101068377494812,0.0
-22,-2,-7,187,108,8465,6,-14,-1,553,5199,6238,11,20,6,1579,-149,8039,18,-25,-19,990,-1782,7843,0.22482892870903015,4.897360801696777,1.101068377494812,0.0
-19,2,-9,149,142,8477,12,-11,-1,557,5211,6287,22,-17,8,1586,-149,8051,15,-21,-15,1009,-1773,7874,0.2346041053533554,4.858260154724121,1.1397677659988403,0.0
-21,2,-7,148,131,8471,11,-11,-3,546,5197,6256,26,-42,7,1639,-95,8019,-4,-19,-13,982,-1770,7859,0.22971652448177338,4.877810478210449,1.120513677597046,0.0
-23,1,-6,143,170,8451,13,-10,-2,511,5216,6247,22,-5,5,1661,-76,8015,-29,-9,-10,971,-1825,7868,0.22971652448177338,4.877810478210449,1.120513677597046,0.0
-18,-1,-8,114,169,8469,10,-12,-3,466,5197,6258,7,38,9,1637,-80,8023,-15,-13,-16,948,-1859,7851,0.22482892870903015,4.877810478210449,1.0966728925704956,0.0
-20,1,-6,91,127,8444,16,-12,-3,481,5195,6260,12,14,8,1552,-78,8049,14,-29,-19,934,-1864,7833,0.22482892870903015,4.887585639953613,1.0988706350326538,0.0
-21,0,-7,114,134,8451,8,-12,-1,502,5203,6239,19,-21,4,1569,-85,8048,31,-32,-20,982,-1822,7846,0.22482892870903015,4.897360801696777,1.101068377494812,0.0
-19,0,-5,75,165,8457,5,-13,-2,531,5195,6238,16,-24,5,1630,-84,8017,17,-23,-14,1014,-1784,7850,0.22482892870903015,4.897360801696777,1.101068377494812,0.0
-21,-3,-4,154,158,8481,9,-13,-2,540,5201,6225,20,11,10,1646,-100,8032,11,-24,-12,993,-1796,7838,0.22482892870903015,4.897360801696777,1.101068377494812,0.0
-20,-2,-7,140,152,8450,8,-11,-4,561,5224,6238,15,19,8,1639,-139,8032,13,-22,-15,978,-1766,7887,0.22482892870903015,4.887585639953613,1.0988706350326538,0.0
-20,-2,-8,177,153,8493,17,-11,-1,551,5220,6227,12,1,5,1612,-139,8045,-3,-16,-17,964,-1768,7858,0.22482892870903015,4.887585639953613,1.0988706350326538,0.0
-23,-1,-8,166,146,8490,12,-13,-2,499,5207,6233,17,-13,7,1609,-136,8029,-21,-13,-16,947,-1806,7863,0.22482892870903015,4.887585639953613,1.0988706350326538,0.0
-21,0,-7,142,165,8471,10,-11,-2,500,5230,6264,19,-7,7,1608,-125,8040,6,-15,-17,959,-1848,7855,0.22482892870903015,4.887585639953613,1.0988706350326538,0.0
-21,0,-8,141,153,8465,9,-11,-2,512,5177,6288,13,12,6,1622,-120,8025,23,-28,-18,999,-1839,7835,0.22482892870903015,4.897360801696777,1.101068377494812,0.0
-19,1,-8,128,129,8488,10,-13,-4,523,5198,6297,18,3,8,1593,-121,8039,19,-23,-14,1016,-1836,7824,0.22482892870903015,4.897360801696777,1.101068377494812,0.0
-19,1,-8,128,151,8443,13,-11,-2,519,5176,6270,15,-16,3,1604,-111,8039,6,-21,-16,985,-1821,7849,0.21994134783744812,4.897360801696777,1.0771321058273315,0.0
-19,3,-10,117,169,8453,11,-11,-2,514,5205,6262,15,-4,6,1625,-98,8028,15,-23,-16,953,-1784,7863,0.22482892870903015,4.897360801696777,1.101068377494812,0.0
-21,-2,-7,127,174,8447,11,-12,-4,531,5234,6206,18,-1,9,1618,-100,8031,3,-21,-18,946,-1766,7874,0.22482892870903015,4.907135963439941,1.1032661199569702,0.0
-22,0,-7,107,160,8484,8,-11,-1,527,5209,6254,16,2,4,1617,-102,8039,-8,-14,-18,973,-1787,7875,0.21994134783744812,4.897360801696777,1.0771321058273315,0.0
-21,-4,-6,114,138,8473,11,-13,-1,542,5176,6252,18,1,5,1614,-103,8033,4,-19,-18,983,-1810,7848,0.21994134783744812,4.897360801696777,1.0771321058273315,0.0
-19,-1,-7,147,160,8467,7,-10,-2,509,5209,6267,16,-5,5,1605,-109,8024,12,-22,-15,999,-1819,7843,0.21994134783744812,4.897360801696777,1.0771321058273315,0.0
-21,-1,-7,127,151,8448,11,-13,0,513,5178,6261,14,3,7,1620,-110,8031,4,-19,-16,994,-1824,7836,0.21994134783744812,4.897360801696777,1.0771321058273315,0.0
-21,0,-7,133,144,8445,9,-12,-2,472,5223,6208,17,6,11,1614,-118,8027,-4,-18,-17,967,-1826,7840,0.22971652448177338,4.897360801696777,1.1250046491622925,0.0
-21,0,-8,195,162,8471,10,-14,-2,500,5217,6210,18,-5,5,1609,-122,8034,3,-27,-15,953,-1827,7858,0.22482892870903015,4.897360801696777,1.101068377494812,0.0
-20,-3,-7,159,160,8465,8,-14,-3,524,5195,6229,19,-12,8,1625,-117,8032,19,-27,-18,950,-1799,7859,0.22482892870903015,4.897360801696777,1.101068377494812,0.0
-19,-1,-7,127,154,8463,12,-13,-3,529,5209,6257,16,-4,3,1634,-111,8025,13,-24,-19,974,-1777,7862,0.22482892870903015,4.897360801696777,1.101068377494812,0.0
-23,-2,-7,134,158,8447,10,-13,-3,540,5185,6273,18,5,5,1619,-108,8026,6,-20,-17,994,-1798,7855,0.21994134783744812,4.897360801696777,1.0771321058273315,0.0
-21,2,-8,137,149,8464,12,-10,-1,536,5219,6234,15,1,9,1610,-99,8046,7,-21,-17,993,-1789,7835,0.21994134783744812,4.897360801696777,1.0771321058273315,0.0
-23,0,-8,144,143,8494,13,-12,-3,493,5201,6267,18,-5,4,1603,-109,8037,7,-18,-10,975,-1809,7864,0.22482892870903015,4.897360801696777,1.101068377494812,0.0
-21,-1,-7,117,144,8439,10,-13,-3,518,5199,6248,18,-7,4,1626,-108,8029,-9,-17,-9,949,-1814,7880,0.21994134783744812,4.897360801696777,1.0771321058273315,0.0
-21,0,-6,128,176,8461,12,-12,-1,516,5205,6266,17,0,7,1623,-107,8023,1,-16,-18,952,-1816,7877,0.22482892870903015,4.897360801696777,1.101068377494812,0.0
-22,-2,-8,158,147,8458,11,-13,-2,484,5189,6275,17,8,6,1600,-110,8018,9,-24,-22,981,-1819,7865,0.22482892870903015,4.897360801696777,1.101068377494812,0.0
-20,0,-7,121,136,8460,9,-12,-2,505,5211,6273,15,-3,7,1615,-110,8046,16,-25,-20,988,-1816,7830,0.22971652448177338,4.897360801696777,1.1250046491622925,0.0
-19,1,-7,107,145,8506,13,-10,-3,521,5208,6257,17,-6,5,1611,-94,8034,17,-30,-18,994,-1794,7843,0.22482892870903015,4.897360801696777,1.101068377494812,0.0
-19,-3,-7,151,143,8463,10,-13,-1,532,5200,6285,16,-3,3,1615,-103,8032,7,-24,-14,993,-1787,7851,0.22482892870903015,4.897360801696777,1.101068377494812,0.0
-21,0,-8,136,157,8476,10,-12,-1,526,5206,6247,19,4,5,1615,-104,8045,-4,-20,-15,962,-1808,7863,0.22482892870903015,4.897360801696777,1.101068377494812,0.0
-21,1,-8,108,138,8454,13,-11,-2,492,5221,6249,16,1,4,1629,-100,8028,0,-18,-19,946,-1792,7866,0.22482892870903015,4.897360801696777,1.101068377494812,0.0
-21,2,-7,115,197,8465,12,-9,-2,518,5203,6222,22,-4,5,1615,-105,8035,1,-16,-20,956,-1815,7865,0.22482892870903015,4.897360801696777,1.101068377494812,0.0
-20,0,-8,143,151,8446,12,-11,-3,510,5214,6243,20,-4,7,1625,-111,8035,5,-22,-17,976,-1819,7840,0.22482892870903015,4.887585639953613,1.0988706350326538,0.0
-19,0,-9,116,135,8474,9,-11,-2,491,5214,6251,17,7,7,1630,-107,8033,10,-24,-14,979,-1823,7827,0.22482892870903015,4.887585639953613,1.0988706350326538,0.0
-18,0,-7,140,130,8471,11,-12,-3,515,5214,6249,15,6,10,1601,-113,8035,9,-24,-18,984,-1820,7867,0.22482892870903015,4.897360801696777,1.101068377494812,0.0
-19,1,-7,122,147,8456,11,-14,-2,513,5192,6273,19,-5,6,1604,-113,8043,2,-21,-15,973,-1802,7874,0.22971652448177338,4.887585639953613,1.122759222984314,0.0
-21,1,-9,127,156,8484,11,-11,-4,508,5220,6277,17,-8,7,1616,-97,8036,4,-18,-16,960,-1801,7872,0.22482892870903015,4.897360801696777,1.101068377494812,0.0
-21,0,-8,113,169,8457,11,-12,-2,534,5204,6219,20,-9,6,1634,-100,8029,-2,-21,-20,965,-1793,7875,0.21994134783744812,4.877810478210449,1.0728322267532349,0.0
-21,-1,-9,126,164,8498,11,-11,-2,533,5222,6225,18,4,3,1638,-96,8031,-1,-14,-22,965,-1799,7853,0.22482892870903015,4.887585639953613,1.0988706350326538,0.0
-20,-1,-12,138,169,8452,10,-12,-3,521,5200,6255,12,3,6,1618,-102,8045,8,-22,-20,986,-1816,7833,0.22482892870903015,4.897360801696777,1.101068377494812,0.0
-20,-1,-10,138,169,8477,10,-11,-2,525,5189,6257,17,-5,3,1607,-98,8037,12,-23,-17,996,-1812,7830,0.21994134783744812,4.897360801696777,1.0771321058273315,0.0
-21,-1,-7,115,112,8482,9,-13,-2,501,5176,6266,15,-3,4,1589,-123,8038,16,-23,-10,971,-1819,7827,0.22482892870903015,4.907135963439941,1.1032661199569702,0.0
-21,-1,-6,116,122,8475,11,-10,-1,518,5177,6262,17,4,8,1586,-122,8039,-3,-22,-12,951,-1814,7889,0.22971652448177338,4.897360801696777,1.1250046491622925,0.0
-22,0,-7,131,131,8430,13,-13,-1,512,5217,6244,14,-1,5,1566,-112,8036,-8,-17,-16,942,-1808,7886,0.22482892870903015,4.897360801696777,1.101068377494812,0.0
-23,-1,-6,135,156,8452,12,-13,-1,520,5205,6249,21,-19,6,1602,-114,8025,6,-20,-22,941,-1808,7883,0.2981427311897278,4.848484992980957,1.4455405473709106,0.0
-21,2,-7,158,146,8477,12,-15,-3,522,5196,6247,14,5,6,1625,-121,8029,11,-20,-22,995,-1781,7847,0.21994134783744812,4.897360801696777,1.0771321058273315,0.0
-21,-2,-9,168,154,8456,10,-13,-3,534,5207,6256,16,11,6,1605,-148,8022,7,-17,-21,1000,-1801,7826,0.22482892870903015,4.897360801696777,1.101068377494812,0.0
-21,0,-7,163,176,8474,10,-12,-3,515,5182,6295,17,-7,9,1616,-133,8052,3,-20,-14,994,-1821,7846,0.22482892870903015,4.887585639953613,1.0988706350326538,0.0
-21,0,-6,143,180,8457,14,-12,-2,504,5193,6251,19,-14,3,1654,-106,8017,0,-22,-18,975,-1818,7848,0.22971652448177338,4.897360801696777,1.1250046491622925,0.0
-20,0,-9,154,198,8512,13,-14,-1,511,5198,6276,19,-16,6,1652,-83,8004,0,-24,-20,956,-1817,7866,0.22482892870903015,4.897360801696777,1.101068377494812,0.0
-21,-2,-8,105,158,8443,13,-13,-3,520,5212,6213,9,25,8,1614,-83,8030,2,-19,-17,962,-1814,7884,0.22482892870903015,4.897360801696777,1.101068377494812,0.0
-21,-3,-8,55,104,8467,13,-13,-4,511,5183,6267,9,36,10,1530,-96,8063,3,-22,-22,957,-1823,7856,0.22482892870903015,4.897360801696777,1.101068377494812,0.0
-21,-1,-6,70,111,8461,8,-12,-4,507,5193,6254,22,-20,8,1521,-118,8055,10,-27,-20,984,-1806,7851,0.22482892870903015,4.897360801696777,1.101068377494812,0.0
-21,-1,-4,145,152,8489,9,-13,-2,538,5195,6252,25,-44,8,1619,-105,8030,13,-21,-15,984,-1806,7852,0.22482892870903015,4.897360801696777,1.101068377494812,0.0
-22,-2,-6,189,204,8466,11,-11,-3,511,5211,6226,17,-22,5,1677,-107,7991,-5,-20,-17,981,-1801,7849,0.22482892870903015,4.887585639953613,1.0988706350326538,0.0
-21,-1,-7,154,181,8468,12,-9,-2,492,5205,6293,13,21,6,1668,-98,8010,-4,-17,-14,952,-1819,7859,0.22971652448177338,4.897360801696777,1.1250046491622925,0.0
-22,-1,-10,167,160,8469,11,-10,-2,509,5224,6264,11,33,6,1621,-121,8033,6,-15,-14,963,-1821,7854,0.22482892870903015,4.897360801696777,1.101068377494812,0.0
-21,0,-8,129,134,8447,12,-11,-1,505,5227,6221,14,-9,5,1552,-118,8041,3,-23,-19,959,-1809,7864,0.22482892870903015,4.887585639953613,1.0988706350326538,0.0
-22,-1,-6,106,102,8444,9,-11,-2,515,5191,6271,22,-25,5,1576,-102,8042,-246,-22,-20,969,-1813,7856,0.21994134783744812,4.887585639953613,1.0749821662902832,0.0
-22,0,-6,156,143,8480,10,-12,-3,515,5189,6239,17,-7,7,1618,-105,8037,15,-24,-15,1000,-1809,7846,0.21994134783744812,4.887585639953613,1.0749821662902832,0.0
-20,-1,-5,166,149,8455,10,-11,-2,507,5194,6283,14,7,6,1634,-106,8031,11,-24,-16,988,-1810,7840,0.21994134783744812,4.887585639953613,1.0749821662902832,0.0
-20,1,-7,141,189,8428,12,-12,-3,491,5189,6281,21,-9,5,1644,-105,8032,11,-18,-15,976,-1807,7848,0.21994134783744812,4.887585639953613,1.0749821662902832,0.0
-23,-1,-8,134,194,8475,12,-12,-1,503,5224,6258,15,-10,7,1651,-116,8019,5,-18,-15,956,-1807,7858,0.21994134783744812,4.887585639953613,1.0749821662902832,0.0
-19,-2,-7,135,147,8452,9,-11,-2,532,5195,6234,13,12,6,1623,-109,8014,6,-23,-17,963,-1799,7867,0.22482892870903015,4.887585639953613,1.0988706350326538,0.0
-20,-1,-7,124,136,8447,14,-11,-3,541,5213,6242,15,23,11,1588,-119,8044,9,-26,-17,957,-1785,7885,0.22482892870903015,4.897360801696777,1.101068377494812,0.0
-20,1,-6,111,125,8497,11,-13,-3,529,5194,6244,12,6,5,1558,-100,8063,8,-19,-17,983,-1782,7875,0.22482892870903015,4.887585639953613,1.0988706350326538,0.0
-20,-1,-6,128,125,8457,11,-13,-3,547,5178,6222,20,-27,6,1600,-125,8056,-7,-15,-16,994,-1802,7820,0.22482892870903015,4.897360801696777,1.101068377494812,0.0
-19,0,-7,128,167,8476,7,-13,-3,516,5199,6260,19,-20,8,1633,-111,8009,0,-22,-11,991,-1835,7839,0.21994134783744812,4.897360801696777,1.0771321058273315,0.0
-20,-1,-6,156,165,8471,11,-11,-4,492,5180,6265,11,14,6,1658,-107,8269,8,-20,-14,961,-1838,7847,0.22482892870903015,4.897360801696777,1.101068377494812,0.0
-19,-1,-6,159,161,8492,12,-14,-3,507,5208,6241,17,16,7,1633,-119,8026,1,-25,-18,963,-1824,7852,0.22971652448177338,4.897360801696777,1.1250046491622925,0.0
-19,-2,-7,147,171,8487,15,-13,-3,521,5188,6267,16,-2,5,1602,-110,8047,-1,-21,-17,972,-1813,7876,0.22482892870903015,4.897360801696777,1.101068377494812,0.0
-22,0,-8,120,130,8410,15,-12,-1,503,5216,6238,21,-9,11,1600,-96,8026,7,-22,-19,938,-1804,7864,0.22971652448177338,4.887585639953613,1.122759222984314,0.0
-21,-1,-6,112,136,8472,11,-12,-2,557,5215,6216,16,-1,4,1601,-109,8026,12,-24,-21,965,-1793,7855,0.22971652448177338,4.887585639953613,1.122759222984314,0.0
-19,1,-6,121,149,8472,12,-10,-2,524,5207,6239,17,6,6,1617,-92,8041,4,-20,-16,995,-1796,7836,0.27370479702949524,4.848484992980957,1.3270535469055176,0.0
-20,-3,-7,141,177,8475,11,-11,-2,514,5167,6270,20,-11,8,1644,-96,8035,1,-17,-15,1003,-1818,7842,0.2346041053533554,4.887585639953613,1.1466476917266846,0.0
-20,1,-7,153,190,8458,10,-13,-2,518,5181,6262,16,-13,4,1658,-101,8010,8,-25,-16,981,-1813,7860,0.22971652448177338,4.887585639953613,1.122759222984314,0.0
-20,-3,-10,158,171,8456,12,-12,-1,509,5219,6290,14,0,5,1660,-100,8022,-6,-24,-17,956,-1807,7882,0.22482892870903015,4.897360801696777,1.101068377494812,0.0
-20,-3,-10,129,124,8450,12,-15,-1,518,5213,6229,13,22,3,1618,-91,8030,-4,-22,-18,958,-1815,7878,0.22482892870903015,4.897360801696777,1.101068377494812,0.0
-19,0,-10,133,107,8439,10,-12,-3,502,5197,6250,13,28,8,1528,-125,8067,9,-18,-21,967,-1821,7837,0.22482892870903015,4.897360801696777,1.101068377494812,0.0
-20,-1,-6,99,95,8475,12,-14,-3,515,5219,6295,21,-11,7,1514,-136,8072,17,-24,-15,995,-1820,7822,0.22971652448177338,4.897360801696777,1.1250046491622925,0.0
-21,-1,-6,152,102,8459,9,-13,-3,536,5172,6266,21,-31,7,1581,-121,8034,15,-24,-12,988,-1802,7814,0.22482892870903015,4.897360801696777,1.101068377494812,0.0
-21,-3,-5,176,191,8467,10,-13,-3,515,5188,6243,20,-21,6,1667,-128,8016,2,-23,-10,960,-1809,7873,0.22482892870903015,4.897360801696777,1.101068377494812,0.0
-20,-4,-6,181,184,8475,10,-13,-2,496,5210,6248,17,-2,4,1676,-110,8015,3,-22,-11,955,-1797,7880,0.22482892870903015,4.897360801696777,1.101068377494812,0.0
-20,-1,-10,121,185,8455,12,-14,-2,529,5196,6231,15,22,6,1638,-103,8028,-1,-20,-24,943,-1775,7886,0.21994134783744812,4.897360801696777,1.0771321058273315,0.0
-22,-1,-10,123,143,8443,13,-10,-4,567,5187,6242,13,9,9,1578,-113,8048,0,-19,-18,991,-1813,7873,0.22971652448177338,4.897360801696777,1.1250046491622925,0.0
